A,nat_share,cv,n_states,dim
REGISTRO DE CANDIDATURA - RRC - CANDIDATO,0.3852260438369509,0.046685799781549575,26,assunto
CARGO - VEREADOR,0.3607950882543006,0.20578810981947887,27,assunto
PARTIDO POLITICO - ORGAO DE DIRECAO MUNICIPAL,0.05035065921143978,0.18684278526811948,26,assunto
REGISTRO DE CANDIDATURA - DRAP PARTIDO/COLIGACAO,0.04555297987731477,0.13395022546374072,26,assunto
CARGO - PREFEITO,0.01547484867621453,0.22883780867818082,27,assunto
AUSENCIA OU ABANDONO AOS TRABALHOS ELEITORAIS,0.014253262178017097,0.9819461370366671,26,assunto
EXECUCAO - CUMPRIMENTO DE SENTENCA,0.00940408648754969,0.43842753127147904,27,assunto
PRESTACAO DE CONTAS - DE CANDIDATO,0.005651047524941854,1.2394374471983274,26,assunto
PROPAGANDA POLITICA - PROPAGANDA ELEITORAL - EXTEMPORANEA/ANTECIPADA,0.00492893696420074,0.6930565445454417,26,assunto
PROPAGANDA POLITICA - PROPAGANDA ELEITORAL - DIVULGACAO DE NOTICIA  SABIDAMENTE FALSA,0.004495670627756071,0.4667904578310413,27,assunto
PROPAGANDA POLITICA - PROPAGANDA ELEITORAL - INTERNET,0.004373318382611732,0.9083643371509568,26,assunto
REGISTRO DE CANDIDATURA - PREENCHIMENTO DE VAGA REMANESCENTE,0.004361702663136004,0.37587570310061136,26,assunto
PROPAGANDA POLITICA - PROPAGANDA ELEITORAL - REDES SOCIAIS,0.003329839583042134,0.48398515604558406,26,assunto
IMPUGNACAO AO REGISTRO DE CANDIDATURA,0.003227234061006533,1.217473140007196,26,assunto
REGISTRO DE CANDIDATURA - SUBSTITUICAO DE CANDIDATO - POR CANCELAMENTO DE REGISTRO,0.0031300492080596058,0.15180246832734548,26,assunto
APURACAO/TOTALIZACAO DE VOTOS,0.0030696474667858183,0.6256053298047263,26,assunto
PESQUISA ELEITORAL - DIVULGACAO DE PESQUISA ELEITORAL FRAUDULENTA,0.0027312428393929315,0.7040001987550589,25,assunto
REQUERIMENTO,0.0026530303282563607,3.2889131453166573,27,assunto
CONTAS - NAO APRESENTACAO DAS CONTAS,0.0025678483854343526,1.1394903641338674,26,assunto
FILIACAO PARTIDARIA - LISTA ESPECIAL,0.002399807643685482,0.3747130105764057,26,assunto
PROPAGANDA POLITICA - PROPAGANDA ELEITORAL - BANNER/CARTAZ/FAIXA,0.0022247974702511745,0.8356779686452201,26,assunto
REGISTRO DE CANDIDATURA - RRCI - CANDIDATO INDIVIDUAL,0.0021678804448201053,0.5312968234745061,26,assunto
ABUSO - DE PODER ECONOMICO,0.0021105762287398455,0.3986516033678788,26,assunto
PROPAGANDA POLITICA - PROPAGANDA ELEITORAL - ALTO-FALANTE/AMPLIFICADOR DE SOM,0.0020888935523851525,0.6372877561180799,26,assunto
REQUERIMENTO DE REGULARIZACAO DA SITUACAO DE INADIMPLENCIA DE PRESTACAO DE CONTAS,0.002050174487466058,0.5254780501328615,26,assunto
FILIACAO PARTIDARIA - COEXISTENCIA,0.002021135188776737,0.6105012380016779,26,assunto
FILIACAO PARTIDARIA - CANCELAMENTO,0.0018097290943184805,3.752963931165502,27,assunto
ELEICOES - 1° TURNO,0.0015646374133806119,0.7214042589797957,26,assunto
PROPAGANDA POLITICA - PROPAGANDA ELEITORAL - ADESIVO,0.001563475841433039,0.7369727416597704,26,assunto
PRESTACAO DE CONTAS - DE PARTIDO POLITICO,0.001470550085627212,1.5093337088264112,26,assunto
PROPAGANDA POLITICA - PROPAGANDA ELEITORAL - FOLHETOS/VOLANTES/SANTINHOS/IMPRESSOS,0.0014666781791353026,0.7399006959062525,26,assunto
ABUSO - DE PODER POLITICO/AUTORIDADE,0.001420989682530771,0.36742517399266783,26,assunto
PESQUISA ELEITORAL - REGISTRO DE PESQUISA ELEITORAL,0.0014043404846155604,0.7530569961109987,25,assunto
PROPAGANDA POLITICA - PROPAGANDA ELEITORAL - BEM PUBLICO,0.0012916680057009952,0.4869047113525831,26,assunto
DOACAO DE RECURSOS ACIMA DO LIMITE LEGAL - PESSOA FISICA,0.0012757931890841664,2.644883018590495,25,assunto
ARREGIMENTACAO DE ELEITOR OU BOCA DE URNA,0.00117899552678643,0.5799070108492761,26,assunto
PROPAGANDA POLITICA - PROPAGANDA ELEITORAL - COMICIO/SHOWMICIO,0.0011476330842019632,0.8428463438504574,26,assunto
CORRUPCAO ELEITORAL,0.0011298223143391798,0.7989544862369877,27,assunto
CANDIDATO NAO-ELEITO,0.0011240144546013156,2.2741901868565018,25,assunto
PESQUISA ELEITORAL - DIVULGACAO DE PESQUISA ELEITORAL SEM PREVIO REGISTRO,0.0010701949543637742,0.5391840815998133,24,assunto
CANDIDATURA FICTICIA,0.0010399940837268803,0.4563046319085054,26,assunto
CRIACAO DO PARTIDO POLITICO,0.0010396068930776895,3.9410230755640687,27,assunto
INELEGIBILIDADE - ABUSO DO PODER ECONOMICO OU POLITICO,0.0010167626447754236,0.4001876421596322,26,assunto
IMPUGNACAO - TRANSFERENCIA DE DOMICILIO ELEITORAL,0.0009400988962356163,2.979121397815401,20,assunto
CITACAO,0.0009230625076712147,3.9667703518005895,26,assunto
PROPAGANDA POLITICA - PROPAGANDA ELEITORAL - APLICATIVO DE MENSAGEM INSTANTANEA,0.000907187691054386,0.4500129048506949,26,assunto
PROPAGANDA POLITICA - PROPAGANDA ELEITORAL - HORARIO ELEITORAL GRATUITO/INSERCOES DE PROPAGANDA,0.0008382677554983976,0.7566988224998098,26,assunto
CONDUTA VEDADA AO AGENTE PUBLICO,0.0008367189929016338,0.6844402289208474,26,assunto
PROPAGANDA POLITICA - PROPAGANDA ELEITORAL - BEM PARTICULAR,0.0008080668848615038,0.6472607369638581,26,assunto
REVERSAO DE DESFILIACAO,0.0007755428703294644,0.4541137592203482,26,assunto
REQUERIMENTO DE ACESSO AO SISTEMA INTERNO DE CONTROLE E DADOS DE PESQUISAS ELEITORAIS,0.0007294671830757419,0.9518959156784903,26,assunto
ALISTAMENTO ELEITORAL - DOMICILIO ELEITORAL,0.0007089460786686218,2.4571435987356494,22,assunto
PROPAGANDA POLITICA - PROPAGANDA ELEITORAL - IMPULSIONAMENTO,0.0007077845067210488,0.7869659684990522,25,assunto
PROPAGANDA POLITICA - PROPAGANDA ELEITORAL - OUTDOORS,0.0007058485534750941,0.6542210698615399,26,assunto
"PROPAGANDA POLITICA - PROPAGANDA ELEITORAL - CONFECCAO, UTILIZACAO OU DISTRIBUICAO DE BRINDE",0.0006675166792051905,0.9806307188493159,24,assunto
CALUNIA NA PROPAGANDA ELEITORAL,0.0006438980496045429,0.5295230052939367,26,assunto
MATERIA ADMINISTRATIVA,0.0006287976142860959,1.473003608869303,27,assunto
AUTORIZACAO DE DIVULGACAO DE PUBLICIDADE INSTITUCIONAL,0.0006167947041611767,0.7011018987948016,25,assunto
PROPAGANDA POLITICA - PROPAGANDA ELEITORAL - TELEVISAO,0.0005978223623508203,0.6132604395373694,26,assunto
REGULARIZACAO DE CONTAS ELEITORAIS,0.0005831091176815643,0.528608580955206,26,assunto
FALSIDADE IDEOLOGICA,0.0005827219270323734,2.503078390266639,27,assunto
PROPAGANDA POLITICA - PROPAGANDA ELEITORAL - CONDUTA VEDADA A EMISSORA DE RADIO/TELEVISAO NA PROGRAMACAO NORMAL,0.0005749781140485545,0.5115759742200333,26,assunto
INTIMACAO,0.0005738165421009816,4.062111624098254,27,assunto
PROPAGANDA POLITICA - PROPAGANDA ELEITORAL - BEM PARTICULAR DE USO COMUM,0.0005602648693792986,0.8017397133294273,26,assunto
PROPAGANDA POLITICA - PROPAGANDA INSTITUCIONAL,0.0005463260060084245,0.7075326447085672,25,assunto
PROPAGANDA POLITICA - PROPAGANDA ELEITORAL - INOBSERVANCIA DO LIMITE LEGAL,0.0005409053369197513,0.8098877701565854,26,assunto
DIREITO DE RESPOSTA,0.0005300639987424047,0.7546345621882006,26,assunto
DIVULGACAO DE PROPAGANDA ELEITORAL NO DIA DA ELEICAO,0.0005296768080932138,2.3972979603702878,27,assunto
PROPAGANDA POLITICA - PROPAGANDA ELEITORAL - RADIO,0.0004859242647346369,0.7644889273283594,26,assunto
CANDIDATO ELEITO,0.00048166516759353653,1.3014079333475124,26,assunto
PROPAGANDA POLITICA - PROPAGANDA ELEITORAL - DISTRIBUICAO DE TEMPO DE PROPAGANDA,0.0004685006855210444,1.3477700822920151,26,assunto
PROPAGANDA POLITICA - PROPAGANDA ELEITORAL - OMISSAO DE INFORMACOES OBRIGATORIAS,0.00046075687253722546,0.8004703722815463,26,assunto
DIFAMACAO NA PROPAGANDA ELEITORAL,0.000421263426319749,0.5155419953344046,25,assunto
CAPTACAO ILICITA DE VOTOS OU CORRUPCAO ELEITORAL,0.0004077117535980659,0.8273599764521299,25,assunto
PROPAGANDA POLITICA - PROPAGANDA ELEITORAL - CARREATA/CAMINHADA/PASSEATA,0.00039532165282395567,0.8076197938874746,25,assunto
FILIACAO PARTIDARIA - EXCLUSAO,0.00038022121750550875,2.305066778719828,27,assunto
PEDIDO DE DISPENSA DE CONVOCACAO PARA TRABALHOS ELEITORAIS,0.00036666954478382566,2.750949615267611,21,assunto
ALISTAMENTO ELEITORAL - CANCELAMENTO,0.00035970011309838863,2.4385093788285386,25,assunto
ABUSO - USO INDEVIDO DE MEIO DE COMUNICACAO SOCIAL,0.0003469228216750874,0.4409950583729242,24,assunto
INSCRICAO FRAUDULENTA,0.0003240785733728216,4.654644801917058,25,assunto
DESOBEDIENCIA A ORDENS OU INSTRUCOES DA JUSTICA ELEITORAL,0.0003120756632479023,0.7903419360483553,24,assunto
CAPTACAO ILICITA DE SUFRAGIO,0.00029232894013916407,0.6996410453430464,26,assunto
CALUNIA,0.0002849723178045361,1.3907130247458408,25,assunto
PROPAGANDA POLITICA - PROPAGANDA ELEITORAL - HORARIO ELEITORAL GRATUITO/PROGRAMA EM BLOCO,0.00028303636455858137,0.8413624015483351,26,assunto
PROPAGANDA POLITICA - PROPAGANDA ELEITORAL - CONTRARIEDADE A LEI DE POSTURA MUNICIPAL,0.0002683231198893254,0.7876292151264851,23,assunto
BOCA DE URNA,0.00023967101184919543,0.8689225011010756,26,assunto
CONVENCAO PARTIDARIA,0.00023463753340971315,0.6758258448786539,25,assunto
VIOLACAO DO SIGILO DO VOTO,0.0002292168643210399,0.6287624598629067,26,assunto
DIVULGACAO DE FATOS INVERIDICOS NA PROPAGANDA ELEITORAL,0.000228442483022658,1.9526036786350778,27,assunto
DIREITO LIQUIDO E CERTO,0.0002249577671799395,1.9490422179435218,27,assunto
CAPTACAO OU GASTO ILICITO DE RECURSOS FINANCEIROS DE CAMPANHA ELEITORAL,0.00021256766640582924,0.7194754456288666,25,assunto
NI,0.00021179328510744733,0.6896794012908374,26,assunto
CONDICAO DE ELEGIBILIDADE - QUITACAO ELEITORAL,0.00020327509082524654,0.9363036653156539,26,assunto
CANCELAMENTO DE REGISTRO DE CANDIDATURA,0.0002005647562809099,2.8309750082179628,27,assunto
PROPAGANDA POLITICA - PROPAGANDA ELEITORAL - BOCA DE URNA,0.000192820943297091,0.7165717889263856,26,assunto
PROPAGANDA POLITICA - PROPAGANDA ELEITORAL - IMPRENSA ESCRITA - JORNAL/REVISTA/TABLOIDE,0.00019165937134951817,0.9476733821216546,23,assunto
"PROPAGANDA POLITICA - PROPAGANDA ELEITORAL - TRUNCAGEM, MONTAGEM, UTILIZACAO DE GRAVACAO EXTERNA, COMPUTACAO GRAFICA, DESENHO ANIMADO OU EFEITO ESPECIAL",0.00019011060875275438,0.7559004462994477,26,assunto
INELEGIBILIDADE - REPRESENTACAO OU ACAO DE INVESTIGACAO JUDICIAL ELEITORAL JUGADA PROCEDENTE PELA JUSTICA ELEITORAL,0.00018817465550679966,0.5972247492616987,26,assunto
DIFAMACAO,0.0001877874648576087,0.7373418974084236,26,assunto
USO DE DOCUMENTO FALSO PARA FINS ELEITORAIS,0.00018507713031327207,1.212676136140683,21,assunto
DESCUMPRIMENTO DA PROIBICAO DE FORNECIMENTO DE TRANSPORTE OU REFEICOES A ELEITORES,0.00018391555836569923,1.4487016327608626,26,assunto
INJURIA NA PROPAGANDA ELEITORAL,0.00018159241447055356,0.6322294187000471,24,assunto
CARGO - VICE-PREFEITO,0.00017655893603107128,0.5283612014868716,26,assunto
REGISTRO DE CANDIDATURA - SUBSTITUICAO DE CANDIDATO - POR RENUNCIA,0.0001742357921359256,0.780010372817028,24,assunto
PROPAGANDA POLITICA - PROPAGANDA ELEITORAL - DEBATE POLITICO,0.0001734614108375437,0.7528595430146909,26,assunto
CONTAS - APROVACAO DAS CONTAS,0.0001734614108375437,0.8050452531285263,24,assunto
COACAO VISANDO A OBTENCAO DE VOTO OU A SUA ABSTENCAO,0.0001734614108375437,0.7049602550139575,26,assunto
PESQUISA ELEITORAL,0.00017191264824077993,1.4733350702188512,15,assunto
PROPAGANDA POLITICA - PROPAGANDA PARTIDARIA,0.0001657175978537248,0.9460007078372377,23,assunto
ALISTAMENTO ELEITORAL - INSCRICAO ELEITORAL,0.00016378164460777007,1.6749274512051973,25,assunto
ELEICOES - ELEICAO PROPORCIONAL,0.00016029692876505156,1.3992900807575155,24,assunto
PROVIDENCIA,0.0001599097381158606,0.6168273854211663,25,assunto
DIREITO ELEITORAL,0.0001564250222731421,0.8273111345826901,19,assunto
ALISTAMENTO ELEITORAL - DUPLICIDADE/PLURALIDADE,0.00015177873448285074,1.221912047670715,23,assunto
APROPRIACAO INDEBITA ELEITORAL,0.00015022997188608695,2.5257035257092575,27,assunto
ACORDO DE NAO PERSECUCAO PENAL,0.0001471324466925594,3.983733565512818,25,assunto
CRIMES CONTRA A PROPAGANDA ELEITORAL,0.0001471324466925594,1.1697315920527538,23,assunto
CONDICAO DE ELEGIBILIDADE - FILIACAO PARTIDARIA,0.00014674525604336844,3.4200068474818006,27,assunto
DOACAO DE RECURSOS ACIMA DO LIMITE LEGAL,0.00014442211214822276,1.2590644632869146,17,assunto
PROCESSAMENTO DE RECURSO CONTRA EXPEDICAO DE DIPLOMA,0.00013512953656764006,0.8135295278203583,25,assunto
EXECUCAO - DE MULTA ELEITORAL,0.00013396796462006723,1.1245291823647618,20,assunto
TRANSACAO PENAL,0.00012932167682977588,0.9917398095348976,20,assunto
CRIMES CONEXOS,0.00012119067319676603,1.1932196815781342,26,assunto
PROPAGANDA POLITICA - PROPAGANDA ELEITORAL - INVASAO DE HORARIO DESTINADO A OUTRO CARGO/PARTIDO/COLIGACAO,0.00011344686021294711,1.1529913775767673,24,assunto
ELEICOES - ELEICAO MAJORITARIA,0.00011267247891456523,3.382202009619781,21,assunto
PESQUISA FRAUDULENTA,0.00010957495372103766,0.5224331950614886,25,assunto
FALSIFICACAO OU ALTERACAO DE DOCUMENTO PUBLICO PARA FINS ELEITORAIS,0.00010028237814045496,3.7440061154718434,25,assunto
FALSIFICACAO OU ALTERACAO DE DOCUMENTO PARTICULAR PARA FINS ELEITORAIS,9.679766229773644e-05,3.171472947499551,24,assunto
CAUTELAR INOMINADA - DE PRODUCAO ANTECIPADA DE PROVAS,9.486170905178171e-05,0.9922881960043237,26,assunto
IMPUGNACAO - NOMEACAO DE MEMBRO DA MESA RECEPTORA,9.292575580582699e-05,1.1205754450277068,19,assunto
PROMOCAO DE DESORDEM NOS TRABALHOS ELEITORAIS,9.176418385825415e-05,0.591679685462059,24,assunto
VIOLENCIA OU GRAVE AMEACA VISANDO A OBTENCAO DE VOTO OU A SUA ABSTENCAO,9.060261191068132e-05,1.021598511197198,22,assunto
CRIMES CONTRA O SIGILO OU O EXERCICIO DO VOTO,8.944103996310848e-05,0.5301556906852412,21,assunto
DIPLOMACAO,8.673070541877185e-05,1.0378943053550476,25,assunto
DIVULGACAO DE FALSA IMPUTACAO,8.556913347119901e-05,1.1697646042723373,23,assunto
CAUTELAR INOMINADA - PREPARATORIA,8.518194282200807e-05,0.88603616567975,24,assunto
CAUTELAR INOMINADA - DE BUSCA E APREENSAO,8.169722697928956e-05,0.9954778860365988,25,assunto
REQUERIMENTOS RELATIVOS AO HORARIO ELEITORAL GRATUITO,7.976127373333482e-05,0.904564879149223,24,assunto
COVID-19,7.976127373333482e-05,0.8140582991872714,19,assunto
CONTAS,7.859970178576199e-05,1.0234934878779318,22,assunto
IMPEDIMENTO DO EXERCICIO DA PROPAGANDA,7.821251113657105e-05,0.5489641320300516,24,assunto
"INUTILIZACAO, ALTERACAO OU PERTURBACAO DE PROPAGANDA",7.666374853980727e-05,0.9267236423697932,21,assunto
INJURIA,7.588936724142537e-05,0.7482964415940936,25,assunto
DILIGENCIAS,7.434060464466159e-05,0.8442522566784685,23,assunto
TUTELA DE URGENCIA,7.434060464466159e-05,0.6442171495801857,21,assunto
CAUTELAR INOMINADA - INCIDENTAL,7.046869815275213e-05,1.1613343078622305,23,assunto
CRIMES CONTRA A FE PUBLICA ELEITORAL,6.930712620517929e-05,1.2804520962297825,25,assunto
LIMINAR,6.737117295922457e-05,0.6404633840387383,24,assunto
IRREGULARIDADES DOS DADOS PUBLICADOS EM PESQUISAS ELEITORAIS,6.698398231003361e-05,0.6904752882833733,25,assunto
PROPAGANDA POLITICA - PROPAGANDA ELEITORAL - CAVALETE,6.698398231003361e-05,0.608945118374088,20,assunto
ALTERACAO DO RESULTADO DE VOTACAO NOS MAPAS OU BOLETINS DE APURACAO,6.620960101165173e-05,0.7792467098188243,25,assunto
RECURSOS FINANCEIROS DE CAMPANHA ELEITORAL,6.50480290640789e-05,3.085058450073235,18,assunto
EXCECAO - DE SUSPEICAO,6.388645711650606e-05,1.0014075098352446,22,assunto
NULIDADE DE ATO ADMINISTRATIVO,6.272488516893322e-05,0.9316207535589465,21,assunto
VEICULACAO DE PROPAGANDA PARTIDARIA - EM INSERCOES,6.272488516893322e-05,0.7611426434872255,22,assunto
IMPEDIMENTO OU EMBARACO AO EXERCICIO DO SUFRAGIO,6.233769451974226e-05,1.0719569952091321,22,assunto
CORRUPCAO OU FRAUDE,6.195050387055132e-05,1.428288062781113,22,assunto
SUBSCRICAO DE MAIS DE UMA FICHA DE FILIACAO PARTIDARIA,6.0014550624596596e-05,1.1965843634787772,19,assunto
PROPAGANDA POLITICA - PROPAGANDA ELEITORAL - PINTURA EM MURO,5.885297867702376e-05,1.177491606061272,21,assunto
OITIVA,5.807859737864187e-05,4.380530690062387,22,assunto
AMEACA,5.807859737864187e-05,3.262541832039546,23,assunto
INELEGIBILIDADE - DESINCOMPATIBILIZACAO,5.343230958835052e-05,0.6431530678538352,23,assunto
TRANSACAO,5.304511893915957e-05,4.535054141387665,24,assunto
PARTIDO POLITICO - COMISSAO PROVISORIA,5.1883546991586734e-05,1.5247402567607131,17,assunto
ELEICOES - 2° TURNO,5.07219750440139e-05,1.6281432267184741,16,assunto
EXECUCAO DE JULGADO,4.762444985048633e-05,3.3526063669732125,21,assunto
CONDICIONAL DO PROCESSO,4.762444985048633e-05,4.096749019839232,25,assunto
COLIGACAO PARTIDARIA - PROPORCIONAL,4.762444985048633e-05,0.9718621976062468,22,assunto
REGISTRO DE CANDIDATURA - SUBSTITUICAO DE CANDIDATO - POR INDEFERIMENTO DE REGISTRO,4.7237259201295385e-05,0.8683055264309849,24,assunto
AUTORIZACAO DE TRANSMISSAO DE PESSOA NAO DETENTORA DE DIREITOS POLITICOS EM ATIVIDADES PARTIDARIAS E DE PROPAGANDA ELEITORAL,4.7237259201295385e-05,0.4958930821259549,22,assunto
IMPROBIDADE ADMINISTRATIVA,4.3365352709385924e-05,0.6807598452785036,22,assunto
VIOLENCIA CONTRA A MULHER CANDIDATA OU NO EXERCICIO DO MANDATO ELETIVO,4.1816590112622146e-05,1.0008855113045603,20,assunto
ELEICOES - ELEICAO SUPLEMENTAR,4.026782751585836e-05,0.7321522197621742,22,assunto
BUSCA E APREENSAO DE BENS,3.7944683620712686e-05,1.2584357592340727,18,assunto
ALICIAMENTO ELEITORAL,3.678311167313985e-05,1.0134259450965006,18,assunto
CONDICAO DE ELEGIBILIDADE - PLENO EXERCICIO DOS DIREITOS POLITICOS,3.678311167313985e-05,0.5959654605652427,22,assunto
CONCENTRACAO DE ELEITORES PARA EMBARACAR OU FRAUDAR O EXERCICIO DO VOTO,3.523434907637606e-05,0.6454933616029351,22,assunto
DESCUMPRIMENTO DE PRAZOS ELEITORAIS,3.484715842718512e-05,1.3482409201901993,20,assunto
VICIOS FORMAIS DA SENTENCA,3.4459967777994173e-05,0.8809049499262326,18,assunto
ERRO DE PROCEDIMENTO,3.3685586479612284e-05,0.9572421467109944,20,assunto
IMPUGNACAO - INSCRICAO ELEITORAL,3.3685586479612284e-05,1.458175442416333,18,assunto
"USO, NA PROPAGANDA ELEITORAL, DE SIMBOLO DE ORGAOS DE GOVERNO",3.174963323365755e-05,0.5669432250019416,17,assunto
APURACAO DE INDICIOS DE IRREGULARIDADES INFORMADOS PELA ADMINISTRACAO PUBLICA,3.136244258446661e-05,1.0668744006712276,22,assunto
DIREITOS POLITICOS - RESTABELECIMENTO DOS DIREITOS POLITICOS,3.058806128608471e-05,0.7436939448923983,20,assunto
NAO-ACESSO DOS PARTIDOS AOS DADOS RELATIVOS AS PESQUISAS ELEITORAIS,3.0200870636893772e-05,0.7868003943755526,21,assunto
INJURIA ELEITORAL VIOLENTA,3.0200870636893772e-05,1.134165957204373,19,assunto
VOTACAO MULTIPLA OU REALIZADA EM LUGAR DE OUTREM,3.0200870636893772e-05,0.7497499138859359,20,assunto
INTERROGATORIO,2.942648933851188e-05,0.8529619799277187,16,assunto
PROPAGANDA POLITICA - PROPAGANDA ELEITORAL - RADIO COMUNITARIA,2.942648933851188e-05,0.724237943106896,20,assunto
DENUNCIACAO CALUNIOSA PARA FINS ELEITORAIS,2.7103345443366204e-05,3.688660179162721,19,assunto
NOME DO CANDIDATO - VARIACAO NOMINAL,2.5554582846602422e-05,0.7424569863630925,18,assunto
OBTENCAO DE DOCUMENTO FALSO PARA FINS ELEITORAIS,2.4393010899029585e-05,0.8956783641899055,16,assunto
ARGUICAO DE INELIGIBILIDADE TEMERARIA OU DE MA-FE,2.4005820249838637e-05,0.5989298515040036,17,assunto
INELEGIBILIDADE - REJEICAO DE CONTAS PUBLICAS,2.4005820249838637e-05,0.9269865000098432,21,assunto
VIOLACAO DO SIGILO DA URNA OU DOS INVOLUCROS,2.3231438951456748e-05,0.7248680164865354,17,assunto
"PRISAO OU DETENCAO DO ELEITOR, MEMBRO DE MESA RECEPTORA, FISCAL, DELEGADO DE PARTIDO OU CANDIDATO, FORA DAS HIPOTESES LEGAIS PERMITIDAS",2.28442483022658e-05,1.4934364849999047,19,assunto
DIVULGACAO DE PESQUISA DE FRAUDULENTA,2.206986700388391e-05,0.8677542637783466,16,assunto
"OCULTACAO, SONEGACAO OU RECUSA DE FORNECIMENTO DE UTILIDADES, ALIMENTOS E TRANSPORTE NO DIA DA ELEICAO",2.206986700388391e-05,0.9389111805422223,19,assunto
UTILIZACAO DE ORGANIZACAO COMERCIAL PARA PROPAGANDA OU ALICIAMENTO DE ELEITORES,2.1295485705502018e-05,0.92647932623271,19,assunto
INELEGIBILIDADE - CONDENACAO CRIMINAL POR ORGAO COLEGIADO OU TRANSITADA EM JULGADO,2.0908295056311073e-05,1.2700364394269192,19,assunto
ALTERACAO ESTATUTARIA DE PARTIDO POLITICO EM MATERIA ADMINISTRATIVA,1.9359532459547287e-05,1.4003135945060023,18,assunto
UTILIZACAO DE PREDIOS OU SERVICOS DE REPARTICOES PUBLICAS PARA BENEFICIAR PARTIDO OU ORGANIZACAO DE CARATER POLITICO,1.8585151161165398e-05,0.8087536929601044,16,assunto
CONDICAO DE ELEGIBILIDADE - ALISTAMENTO ELEITORAL,1.819796051197445e-05,0.5555797451579001,19,assunto
DESACATO,1.7810769862783505e-05,0.791594692126672,18,assunto
ATOS EXECUTORIOS,1.6649197915210668e-05,1.089938668954135,15,assunto
OBSTAMENTO DO TRANSPORTE E FORNECIMENTO DE ALIMENTOS A ELEITORES PELA JUSTICA ELEITORAL,1.548762596763783e-05,2.0716395744728717,16,assunto
DIREITOS POLITICOS - SUSPENSAO DE DIREITOS POLITICOS,1.5100435318446886e-05,1.4844208110588106,18,assunto
HABEAS CORPUS - PREVENTIVO,1.471324466925594e-05,0.8773741258860014,17,assunto
PROPAGANDA POLITICA - PROPAGANDA ELEITORAL - TELEMARKETING,1.4326054020064993e-05,0.5628543429038658,17,assunto
IMPUGNACAO DE ATO JUDICIAL,1.2390100774110265e-05,0.58551546467825,16,assunto
FALSIFICACAO DE DOCUMENTO PARTICULAR,1.2002910124919319e-05,3.862499289602728,16,assunto
ALICIAMENTO DE ELEITORES,1.1615719475728374e-05,1.2353597323106542,16,assunto
CRIMES DO SISTEMA NACIONAL DE ARMAS,1.1615719475728374e-05,0.861779931887532,16,assunto
NAO CUMPRIMENTO DOS DEVERES IMPOSTOS PELO CODIGO ELEITORAL A AUTORIDADE JUDICIARIA E AOS FUNCIONARIOS DA JUSTICA ELEITORAL,1.1228528826537427e-05,3.5666181932003864,16,assunto
CRIMES CONTRA O SERVICO DA JUSTICA ELEITORAL,1.0454147528155536e-05,1.1073942935111964,16,assunto
UTILIZACAO DE VEICULOS E EMBARCACOES PUBLICAS EM CAMPANHA ELEITORAL,1.006695687896459e-05,1.7930165247943566,15,assunto
INDUZIMENTO A INSCRICAO DE ELEITOR EM INFRACAO AS NORMAS LEGAIS,8.905384931391753e-06,0.7738268517398662,15,assunto
