election_year,classe,nat_n,national_share,muni_mean_share,n_munis_with,st_mean,st_min,st_max,st_p25,st_p75,pct_munis_with
2024,REGISTRO DE CANDIDATURA,521588,0.44445277623213647,0.46002111566985354,5567,0.43827550918115293,0.3932000212167825,0.47182010236923816,0.41929373554346144,0.45260667226518037,100.0
2024,PRESTAÇÃO DE CONTAS ELEITORAIS,491607,0.41890552690083344,0.43376427891189223,5569,0.40004573096578017,0.1366906474820144,0.4396163544668588,0.3945406129563566,0.42171289042978294,100.0
2024,REPRESENTAÇÃO,45384,0.03867237129021236,0.030651094098558904,4205,0.041229583805543486,0.007194244604316547,0.08138693335087835,0.028414598294207824,0.04974428027416386,75.5
2024,CUMPRIMENTO DE SENTENÇA,26849,0.022878426246494613,0.01850822239553999,3606,0.027871799692923232,0.010413647468013747,0.057125676488274206,0.019162522287093732,0.03508431066056953,64.8
2024,COMPOSIÇÃO DE MESA RECEPTORA,16368,0.01394741259647003,0.007004655586634901,1807,0.01430171357706486,0.0013425702164223188,0.05807080358466982,0.00803764409221902,0.016920384023762797,32.4
2024,PETIÇÃO CÍVEL,9433,0.008037997496487157,0.006571436002440739,2861,0.0157615463841372,0.0035977105478331973,0.19424460431654678,0.006076254586397586,0.011642387215506544,51.4
2024,AÇÃO DE INVESTIGAÇÃO JUDICIAL ELEITORAL,7834,0.006675466170622325,0.006774424185816282,2975,0.007665136195735006,0.003644979041370512,0.011854877207871426,0.0059404256973219945,0.009495694470291534,53.4
2024,FILIAÇÃO PARTIDÁRIA,7505,0.006395120450666396,0.004663251478518735,2108,0.006168721106195441,0.0016562461181731606,0.012563293150568844,0.004174968614652789,0.007795540306836492,37.9
2024,NOTÍCIA DE IRREGULARIDADE EM PROPAGANDA ELEITORAL,6515,0.005551526946847645,0.002868380430855294,1196,0.004798445115700719,0.0003006614552014432,0.02660054102795311,0.0011986169034019253,0.005886245037661187,21.5
2024,INQUÉRITO POLICIAL,4582,0.0039043893277752734,0.0027804603221105893,1353,0.014070091899377756,0.00016944037022720895,0.2589928057553957,0.0033058925355242763,0.006095154054220926,24.3
2024,DIREITO DE RESPOSTA,4467,0.0038063961429882468,0.0019675164477856353,1195,0.004594172513592681,0.0013082583810302534,0.023931623931623933,0.0022066198595787363,0.004655139654189626,21.5
2024,APURAÇÃO DE ELEIÇÃO,4047,0.003448507989853019,0.004841967249699084,3654,0.003915057032394435,2.814301152737752e-05,0.008021390374331552,0.0026211555192135355,0.004909977219179528,65.6
2024,REPRESENTAÇÃO ESPECIAL,3745,0.0031911693654557835,0.0021874956161337025,1307,0.003626003801915986,0.00036449790413705123,0.02158273381294964,0.0014723949260664138,0.0045196900410202885,23.5
2024,SUSPENSÃO DE ÓRGÃO PARTIDÁRIO,3149,0.0026833090338638883,0.0026054229396872152,741,0.0023057397747706255,0.00012662234884457108,0.005575647182789094,0.0005467468562055768,0.003924775143090761,13.3
2024,RECURSO/IMPUGNAÇÃO DE ALISTAMENTO ELEITORAL,2958,0.002520555135652392,0.0027420300552641395,188,0.006475973352243436,1.8836648583484026e-05,0.0661693936477382,9.297646399403318e-05,0.0005508754685812436,3.4
2024,REQUERIMENTO DE REGULARIZAÇÃO DE OMISSÃO DE PRESTAÇÃO DE CONTAS ELEITORAIS,2803,0.0023884773648524863,0.0024883861754207773,1456,0.002869290133914659,0.0009937476709038964,0.006305048852096068,0.001986955671964661,0.0033193089240459465,26.1
2024,REPRESENTAÇÃO CRIMINAL/NOTÍCIA DE CRIME,2676,0.002280258804261596,0.0016284002079023877,1018,0.002776749974772516,0.0008134490238611713,0.007434699651292848,0.0013559465020722115,0.0030847985067972844,18.3
2024,CARTA PRECATÓRIA CÍVEL,1684,0.0014349610711422,0.0008107805661267445,534,0.004509184508662141,0.0003006614552014432,0.07913669064748201,0.0009685028301698748,0.0017046784812514357,9.6
2024,TERMO CIRCUNSTANCIADO,1677,0.0014289962685899462,0.0012663256753581765,916,0.0016572178154799135,0.0003006614552014432,0.007194244604316547,0.0009402435499940038,0.0020789292131894455,16.4
2024,AÇÃO PENAL ELEITORAL,1304,0.0011111575040198508,0.0009532572842438783,795,0.0028868931705517725,0.0006134566088995026,0.04316546762589928,0.0009491444986482363,0.0016249846232713166,14.3
2024,EXECUÇÃO DE MEDIDAS ALTERNATIVAS NO JUÍZO COMUM,989,0.0008427413891684298,0.0006543194785127736,438,0.0009968183078334616,2.314546927438954e-05,0.007194244604316547,0.0002551882683597986,0.001233564206367217,7.9
2024,CARTA DE ORDEM CÍVEL,622,0.0005300153125002663,0.0003892508451960315,341,0.0007384561589071254,4.012036108324975e-05,0.007194244604316547,0.00013668662645216213,0.0006095262404740119,6.1
2024,CARTA PRECATÓRIA CRIMINAL,587,0.0005001912997389973,0.00032181516836811836,260,0.0022112711338848462,9.500285008550257e-05,0.04316546762589928,0.0002822773714168808,0.0007918180787521855,4.7
2024,PROCESSO ADMINISTRATIVO,578,0.0004925222678860995,0.00034395587077364683,220,0.0010315460406709917,2.0703076477164508e-05,0.014631563748375608,0.00010216733045288123,0.0007137134223343972,4.0
2024,TUTELA CAUTELAR ANTECEDENTE,550,0.0004686630576770843,0.00041156386066794993,401,0.000579558637678029,8.176614881439084e-05,0.0013069578893737679,0.00037032750839023263,0.000715792646172393,7.2
2024,CANCELAMENTO DE INSCRIÇÃO ELEITORAL (CIE),515,0.0004388390449158153,0.00037663662505963737,143,0.0014550866767996913,2.0703076477164508e-05,0.014388489208633094,0.00012811798425051843,0.00042814681105239236,2.6
2024,AÇÃO DE IMPUGNAÇÃO DE MANDATO ELETIVO,468,0.00039878965635068266,0.0004635313770486333,355,0.0004915356342411382,8.474396728882862e-05,0.00142602495543672,0.00022881078237958102,0.000768884518834499,6.4
2024,TUTELA ANTECIPADA ANTECEDENTE,466,0.0003970854270500387,0.00035116893375496805,347,0.0004541105667679281,0.00016268980477223427,0.0009968322885054162,0.0002715961643590349,0.0005801038294605637,6.2
2024,LISTA DE APOIAMENTO PARA CRIAÇÃO DE PARTIDO POLÍTICO,370,0.0003152824206191295,0.00011757087250285135,134,0.0056509290624129635,2.215182863345369e-05,0.11510791366906475,4.7600362218237804e-05,0.0002939622307871876,2.4
2024,MANDADO DE SEGURANÇA CÍVEL,359,0.00030590915946558775,0.00023480880220101772,273,0.00033228452765099865,0.00010594342621040364,0.0012437311935807422,0.00023873316692484166,0.00036483821556676537,4.9
2024,PROCEDIMENTO INVESTIGATÓRIO CRIMINAL (PIC-MP),297,0.00025307805114562555,0.00020230026200492745,155,0.0004533031471448735,4.813014390913029e-05,0.005411906193625977,0.00012961361965646578,0.000308480328790029,2.8
2024,PETIÇÃO CRIMINAL,266,0.00022666249698564443,0.00013984483464444657,132,0.0003395534783091715,2.215182863345369e-05,0.001925777331995988,8.335940945878125e-05,0.0002961961071159181,2.4
2024,AUTO DE PRISÃO EM FLAGRANTE,190,0.0001619017835611746,0.00013269295091516726,145,0.0004694488477406627,1.059002313920056e-05,0.004257450538442274,8.020532563362207e-05,0.0003850411512730423,2.6
2024,CUMPRIMENTO PROVISÓRIO DE SENTENÇA,180,0.00015338063705795486,4.6577765479549354e-05,56,0.00012039817623180375,1.6885806916426514e-05,0.0006883515040480363,2.385439278643162e-05,0.00014250427512825384,1.0
2024,PEDIDO DE BUSCA E APREENSÃO CRIMINAL,134,0.00011418336314314418,9.701753441865397e-05,100,0.00019332117469731514,5.29501156960028e-06,0.0007513148009015778,6.940060434692635e-05,0.00027292757158861445,1.8
2024,CAUTELAR INOMINADA CRIMINAL,109,9.28804968850949e-05,7.523206600538254e-05,67,0.0002813892319965172,1.059002313920056e-05,0.002504382669671926,6.210922943149352e-05,0.0001294578530259366,1.2
2024,IMPUGNAÇÃO PERANTE AS JUNTAS ELEITORAIS,102,8.691569433284109e-05,0.00011844458633675757,73,0.00013247615578261478,2.385439278643162e-05,0.0004813014390913029,4.565987849629156e-05,0.00016719458531462152,1.3
2024,INCIDENTE DE IMPEDIMENTO / SUSPEIÇÃO,85,7.242974527736758e-05,7.375362527740892e-05,52,0.00013330880306902627,4.012036108324975e-05,0.0007218479307025986,5.1686293439180696e-05,0.00010331196244423435,0.9
2024,ACORDO DE NÃO PERSECUÇÃO PENAL,73,6.220436947350392e-05,4.9680854631512436e-05,44,0.002145645369924486,4.1406152954329015e-05,0.02158273381294964,0.0001259384272002593,0.00034811553772730384,0.8
2024,EXECUÇÃO FISCAL,65,5.538745227092815e-05,3.030542515769092e-05,28,0.00010983966194074713,2.1185991822207156e-05,0.00046345811051693407,3.842413896564115e-05,9.633904516456903e-05,0.5
2024,RESTITUIÇÃO DE COISAS APREENDIDAS,59,5.027476436899632e-05,4.253363888431336e-05,42,0.0011973757372050746,2.1909164603553667e-05,0.014388489208633094,5.650994575045208e-05,0.00027114967462039046,0.8
2024,EXECUÇÃO DA PENA,48,4.090150321545463e-05,4.190824765838952e-05,42,0.0004560554668852006,1.4178564845666322e-05,0.007194244604316547,2.2218240771262634e-05,7.554877476345042e-05,0.8
2024,PEDIDO DE QUEBRA DE SIGILO DE DADOS E/OU TELEFÔNICO,45,3.8345159264488716e-05,2.350504441359833e-05,41,6.924682535308764e-05,5.29501156960028e-06,0.00026317520889532203,3.711978018685065e-05,7.568130158308993e-05,0.7
2024,HABEAS CORPUS CRIMINAL,41,3.493670066320083e-05,3.3164775458271675e-05,30,0.00010722000157516107,1.6885806916426514e-05,0.00044317822095599874,2.215182863345369e-05,8.020532563362207e-05,0.5
2024,CARTA DE ORDEM CRIMINAL,29,2.4711324859337176e-05,2.0578210432089077e-05,26,4.024330027475753e-05,1.0954582301776834e-05,9.157299512373801e-05,2.385439278643162e-05,4.813014390913029e-05,0.5
2024,PEDIDO DE COOPERAÇÃO JUDICIÁRIA,26,2.215498090837126e-05,2.4474592924682002e-05,22,0.0001362212891285355,1.059002313920056e-05,0.0010017530678687703,3.5650623885918004e-05,9.626028781826057e-05,0.4
2024,RECURSO EM SENTIDO ESTRITO,19,1.619017835611746e-05,8.900998729874336e-06,6,0.0001371729508368932,2.385439278643162e-05,0.0004991087344028521,2.6520978093672095e-05,9.626028781826057e-05,0.1
2024,LIBERDADE PROVISÓRIA COM OU SEM FIANÇA,15,1.2781719754829572e-05,5.810294696343518e-06,5,0.0006474037191944022,0.00023868880284304885,0.0012026458208057728,0.000369782668388717,0.0008517611773700789,0.1
2024,IMPUGNAÇÃO À COMPOSIÇÃO DE JUNTA ELEITORAL,15,1.2781719754829572e-05,2.72805529510068e-05,12,6.846995107862316e-05,1.4178564845666322e-05,0.0002005133140840552,2.0757730961031044e-05,9.116848604509234e-05,0.2
2024,CUMPRIMENTO PROVISÓRIO DE DECISÃO,11,9.373261153541687e-06,1.9327256600223113e-06,4,3.307402986670651e-05,1.1446624390467251e-05,4.765510412640252e-05,2.57834927368585e-05,4.388773260482614e-05,0.1
2024,CAUTELAR FISCAL,9,7.669031852897744e-06,4.899725577384374e-06,6,4.7136890164385214e-05,1.0954582301776834e-05,9.500285008550257e-05,1.749762426432994e-05,6.566940803084218e-05,0.1
2024,PRODUÇÃO ANTECIPADA DA PROVA,6,5.112687901931829e-06,3.0045203889784226e-06,6,1.665618721236794e-05,5.29501156960028e-06,4.1406152954329015e-05,1.0954582301776834e-05,1.4178564845666322e-05,0.1
2024,INCIDENTE DE FALSIDADE,6,5.112687901931829e-06,5.614583016621007e-06,5,2.5849080410778275e-05,5.628602305475504e-06,4.7501425042751285e-05,1.7839024029034127e-05,3.31432035291873e-05,0.1
2024,MANDADO DE SEGURANÇA CRIMINAL,5,4.260573251609858e-06,1.117284665154241e-06,4,3.108681296908949e-05,1.5885034708800837e-05,5.422993492407809e-05,1.9515251991595188e-05,3.868770209923382e-05,0.1
2024,COMUNICADO DE MANDADO DE PRISÃO,5,4.260573251609858e-06,2.633503478898553e-06,4,0.0001923546531320396,2.314546927438954e-05,0.0005008765339343851,3.809371273086687e-05,0.00027695924506086463,0.1
2024,EMBARGOS À EXECUÇÃO FISCAL,4,3.408458601287886e-06,3.3149406816331646e-06,3,3.651414113767308e-05,2.1185991822207156e-05,5.304195618734419e-05,2.825023361283752e-05,4.4178215795406036e-05,0.1
2024,HOMOLOGAÇÃO EM ACORDO DE COLABORAÇÃO PREMIADA,4,3.408458601287886e-06,5.4050063852031165e-06,2,0.00010044405278431672,1.0954582301776834e-05,0.0001899335232668566,5.569931754304677e-05,0.00014518878802558666,0.0
2024,REVISÃO DE ELEITORADO,4,3.408458601287886e-06,3.4422907574934953e-06,4,3.8265806432826286e-05,1.1446624390467251e-05,8.020532563362207e-05,1.7296046832428396e-05,5.1675397454005806e-05,0.1
2024,EXIBIÇÃO DE DOCUMENTO OU COISA CÍVEL,3,2.5563439509659144e-06,2.8068819474412644e-06,2,4.29346622359875e-05,5.628602305475504e-06,8.02407221664995e-05,2.4281632270731502e-05,6.15876922012435e-05,0.0
2024,CONFLITO DE COMPETÊNCIA CÍVEL,3,2.5563439509659144e-06,1.7391186680238304e-06,3,0.0024068587610330625,5.628602305475504e-06,0.007194244604316547,1.3165839391320006e-05,0.0036074738403968558,0.1
2024,INSANIDADE MENTAL DO ACUSADO,3,2.5563439509659144e-06,1.472021014148069e-06,3,2.283436531718189e-05,1.8836648583484026e-05,2.6520978093672095e-05,2.0991058928936783e-05,2.4833223684030816e-05,0.1
2024,ARRESTO / HIPOTECA LEGAL,3,2.5563439509659144e-06,2.404000840608282e-06,3,3.7968907646124946e-05,1.0954582301776834e-05,8.176614881439084e-05,1.6070287061991996e-05,5.1476070318299e-05,0.1
2024,PEDIDO DE PRISÃO TEMPORÁRIA,2,1.704229300643943e-06,1.1177432406293856e-07,1,5.304195618734419e-05,5.304195618734419e-05,5.304195618734419e-05,5.304195618734419e-05,5.304195618734419e-05,0.0
2024,EMBARGOS DE TERCEIRO CRIMINAL,1,8.521146503219715e-07,5.588716203146928e-08,1,2.6520978093672095e-05,2.6520978093672095e-05,2.6520978093672095e-05,2.6520978093672095e-05,2.6520978093672095e-05,0.0
2024,RELAXAMENTO DE PRISÃO,1,8.521146503219715e-07,3.664601053206343e-07,1,1.0954582301776834e-05,1.0954582301776834e-05,1.0954582301776834e-05,1.0954582301776834e-05,1.0954582301776834e-05,0.0
2024,CORREIÇÃO EXTRAORDINÁRIA,1,8.521146503219715e-07,1.5089533748496705e-06,1,5.29501156960028e-06,5.29501156960028e-06,5.29501156960028e-06,5.29501156960028e-06,5.29501156960028e-06,0.0
2024,PEDIDO DE PRISÃO PREVENTIVA,1,8.521146503219715e-07,4.4668022787838503e-07,1,1.8836648583484026e-05,1.8836648583484026e-05,1.8836648583484026e-05,1.8836648583484026e-05,1.8836648583484026e-05,0.0
2024,CARTA ROGATÓRIA CÍVEL,1,8.521146503219715e-07,4.410843812505792e-08,1,5.29501156960028e-06,5.29501156960028e-06,5.29501156960028e-06,5.29501156960028e-06,5.29501156960028e-06,0.0
2024,PRODUÇÃO ANTECIPADA DE PROVAS CRIMINAL,1,8.521146503219715e-07,1.5013833746413945e-07,1,2.1185991822207156e-05,2.1185991822207156e-05,2.1185991822207156e-05,2.1185991822207156e-05,2.1185991822207156e-05,0.0
