election_year,assunto,nat_n,national_share,muni_mean_share,n_munis_with,st_mean,st_min,st_max,st_p25,st_p75,pct_munis_with
2020,Registro de Candidatura - RRC - Candidato,542843,0.38526171307231105,0.38765188913049253,5562,0.3796618064120972,0.3347382692761141,0.4064909441574852,0.3690932371252842,0.3944213018216187,99.9
2020,Cargo - Vereador,513151,0.36418897052143895,0.3578543726060573,5552,0.3475328746355501,0.009259259259259259,0.39552732335537766,0.3472290100975557,0.3745897054829861,99.7
2020,Partido Político - Órgão de Direção Municipal,68939,0.04892677484556686,0.06532453505223089,5524,0.052565546070387985,0.023297004486160133,0.07741208295761948,0.046169493706677334,0.058346750353320154,99.2
2020,Registro de Candidatura - DRAP Partido/Coligação,61463,0.043620974518531974,0.05527730016941395,5557,0.04471086593030375,0.026774748219110783,0.06000901713255185,0.04093927029351492,0.04752070623740661,99.8
2020,Cargo - Prefeito,23523,0.016694534656613372,0.02140328606910138,5520,0.017827269132321157,0.012773504178766987,0.023510095717180185,0.01562066446362246,0.019287303944233516,99.1
2020,Ausência ou Abandono aos Trabalhos Eleitorais,22342,0.01585636582485465,0.00591131139014079,1383,0.014686532092965263,0.00036273701566364385,0.06188832434808465,0.004181594951852368,0.020501041416600384,24.8
2020,Prestação de Contas - De Candidato,8065,0.005723820176235465,0.004141237221340583,676,0.00431541053460177,0.00020100502512562814,0.01959947769201929,0.0007994941220208008,0.003971554000956437,12.1
2020,Propaganda Política - Propaganda Eleitoral - Internet,7099,0.005038239235101744,0.002760499722379283,1481,0.004727065561051983,0.0008123476848090983,0.03374316410037622,0.0024502917571452712,0.005020438010950274,26.6
2020,Registro de Candidatura - Preenchimento de Vaga Remanescente,7097,0.005036819812863372,0.004389076978203198,2202,0.0051158428688566114,0.0021658632012855447,0.010531279471864193,0.004063904114299558,0.005732379865361584,39.5
2020,Propaganda Política - Propaganda Eleitoral - Extemporânea/Antecipada,6864,0.004871457122093023,0.003885299264703776,1759,0.005207939548660013,0.0006769564040075819,0.018875486431628074,0.0024102033884097415,0.006834370292891551,31.6
2020,Execução - Cumprimento de Sentença,6662,0.0047280954760174415,0.0036086154285436475,1767,0.007206113562647808,0.0008812720318007951,0.029949748743718592,0.0041188412874820675,0.008404448844621396,31.7
2020,Impugnação ao Registro de Candidatura,5110,0.0036266238190406975,0.00423153646837045,1221,0.004869729199180726,0.0008040201005025126,0.038375383164348034,0.0013707454104911754,0.004521744861803222,21.9
2020,Filiação Partidária - Lista Especial,4859,0.003448486328125,0.0025507153144518125,1559,0.0029041968858486123,0.001286480923325737,0.0053603493759560175,0.0018973654172409825,0.003556109341768884,28.0
2020,Propaganda Política - Propaganda Eleitoral - Divulgação de Notícia  Sabidamente Falsa,4753,0.0033732569494912793,0.0024190148158017423,1582,0.0044704213188801675,0.0017477328936521023,0.018518518518518517,0.0026839398594128193,0.004596657395754833,28.4
2020,Requerimento de Regularização da Situação de Inadimplência de Prestação de Contas,4715,0.003346287926962209,0.0029924015127469903,1909,0.0034041822131038483,0.0010122417992597982,0.007853286332604525,0.0021725768840046944,0.003871491996834304,34.3
2020,Propaganda Política - Propaganda Eleitoral - Redes Sociais,4601,0.003265380859375,0.00234481782391605,1421,0.0033747871615377664,0.00027078256160303275,0.008076391057962607,0.0019523844706781854,0.004676727825556821,25.5
2020,Requerimento,4426,0.003141181413517442,0.00264465300526651,1718,0.011621416586290066,0.0014146494812951901,0.2222222222222222,0.0023631755668588115,0.004513888491389006,30.8
2020,Apuração/Totalização de Votos,4137,0.0029360749000726743,0.004328602029431814,3547,0.0028967198377241347,0.00013539128080151638,0.00568139203480087,0.0012968526248157437,0.004159683134390512,63.7
2020,Contas - Não Apresentação das Contas,3983,0.0028267793877180232,0.0030408547757678163,994,0.0016569131466180045,4.692852785208128e-05,0.010924649183089849,0.0007548230822365088,0.0018325947521094725,17.8
2020,Registro de Candidatura - Substituição de Candidato - Por Cancelamento de Registro,3816,0.0027082576308139535,0.002750456977359353,1957,0.0027478820277219446,0.0016896966055872634,0.0037803285449171764,0.00247396611820122,0.0029612262768725327,35.1
2020,Registro de Candidatura - RRCI - Candidato Individual,3772,0.0026770303415697676,0.0019150547334173488,1013,0.0028677289154863273,0.0005948486110284932,0.0069160641307764855,0.00164710932446545,0.003369592602717876,18.2
2020,Propaganda Política - Propaganda Eleitoral - Alto-falante/Amplificador de Som,3195,0.0022675270257994187,0.002002958975419483,1335,0.002367829423754187,0.00031436655139893113,0.005792464279803608,0.0013349703606500608,0.003438928834106384,24.0
2020,Pesquisa Eleitoral - Divulgação de Pesquisa Eleitoral Fraudulenta,3104,0.0022029433139534884,0.002196595436386713,1493,0.0022533352990626774,0.00013539128080151638,0.005229936880072137,0.0012136984397833773,0.0033050491251704842,26.8
2020,Propaganda Política - Propaganda Eleitoral - Banner/Cartaz/Faixa,3020,0.0021433275799418606,0.0011167816195456375,815,0.0017509326264778604,0.00044107917371168125,0.005912275221989202,0.0008054071202239066,0.002536462603412523,14.6
2020,Abuso - De Poder Econômico,2809,0.0019935785337936046,0.0022774133791826122,1581,0.002216612197511674,0.000687332462712214,0.00461826781491232,0.0014742526205920145,0.0029100803212470517,28.4
2020,Filiação Partidária - Cancelamento,2759,0.0019580929778343025,0.0012403074975016561,922,0.005719843223743677,0.0005250131253281332,0.10185185185185185,0.0010512340766142031,0.0022761713342923694,16.6
2020,Propaganda Política - Propaganda Eleitoral - Adesivo,2533,0.0017976982648982558,0.0012370665810548214,946,0.0020644147725790525,0.00040617384240454913,0.007701980509273813,0.0009819071896094694,0.0020927677520682277,17.0
2020,Prestação de Contas - de Partido Político,2488,0.0017657612645348838,0.001985638095983818,788,0.0018399588088762826,0.00015718327569946557,0.018255197334459617,0.0005311043887982188,0.0018582710770658252,14.1
2020,Eleições - 1° Turno,2464,0.0017487281976744187,0.0018883335463969232,1296,0.0020537445578983292,0.00043893679753486,0.006085016371591667,0.000869801679576693,0.0027598129554817124,23.3
2020,Criação do Partido Político,2342,0.001662143441133721,0.0010220127837329927,662,0.009124566433241537,5.0035024517162014e-05,0.1574074074074074,0.0004783463772149703,0.0022648167544715835,11.9
2020,Filiação Partidária - Coexistência,2240,0.0015897529069767442,0.0011253489528565716,786,0.001572408371336356,0.00031436655139893113,0.003940916797775979,0.0008069301036721145,0.0021484648303414814,14.1
2020,Propaganda Política - Propaganda Eleitoral - Comício/Showmício,2016,0.0014307776162790697,0.0018016085097737698,1113,0.0017283512960200816,0.00023055266133144162,0.008316189041175277,0.0007368545154444706,0.0022979786711882556,20.0
2020,Arregimentação de Eleitor ou Boca de Urna,1822,0.0012930936591569768,0.0009574206609940863,806,0.0012600455567923952,0.00020959966464053657,0.0033847820200379095,0.0006995157561943137,0.0015926817479222895,14.5
2020,Abuso - De Poder Político/Autoridade,1819,0.0012909645257994187,0.0014206851456991716,1193,0.0014421854313934974,0.00013539128080151638,0.0029020314219953968,0.0010133229115940592,0.0017775284738779811,21.4
2020,Propaganda Política - Propaganda Eleitoral - Folhetos/Volantes/Santinhos/Impressos,1791,0.0012710926144622093,0.0007863254729318065,631,0.0012131861425623508,0.00036756597809306773,0.004933783432874578,0.0005631532464715494,0.0016199392887249156,11.3
2020,Candidato Não-Eleito,1679,0.001191604969113372,0.0011800089270402124,158,0.0006125078054286024,1.893222264293828e-05,0.00528225566593302,8.666136158831723e-05,0.0002736885646428617,2.8
2020,Propaganda Política - Propaganda Eleitoral - Bem Público,1673,0.0011873467023982558,0.0008509391527951082,803,0.001182691400929434,0.00031436655139893113,0.0036587415480484557,0.0008540533576011859,0.0012991886008101548,14.4
2020,Doação de Recursos Acima do Limite Legal - Pessoa Física,1559,0.0011064396348110465,0.0006712271464551917,459,0.0024207101324631307,4.582461392762766e-05,0.037037037037037035,0.00011063782707307629,0.001617290303609498,8.2
2020,Pesquisa Eleitoral - Registro de Pesquisa Eleitoral,1514,0.0010745026344476745,0.0009474275829672638,778,0.0010549387985487183,7.509762691498949e-05,0.0035617673579801624,0.0004926013174524548,0.0013895289344534802,14.0
2020,Corrupção Eleitoral,1426,0.0010120480559593023,0.0010420865871178715,735,0.0011481640426310132,0.00012857744574253476,0.004439784034625853,0.0005711989460907175,0.0015285035177406959,13.2
2020,Pesquisa Eleitoral - Divulgação de Pesquisa Eleitoral Sem Prévio Registro,1402,0.0009950149890988371,0.0009783184235783204,886,0.0009768701495861578,8.842254185333648e-05,0.0026737474875993435,0.0003920490979319764,0.0014346710716394001,15.9
2020,Regularização de Contas Eleitorais,1381,0.0009801110555959303,0.0012100208615264832,810,0.0008734546497516534,0.00020100502512562814,0.001807148275400473,0.0005015271930014131,0.0012066586540211027,14.5
2020,Inelegibilidade - Abuso do Poder Econômico ou Político,1312,0.000931140988372093,0.0009776294507399474,814,0.001062955542935041,0.00031436655139893113,0.0019859877530755228,0.0006602959164082362,0.001395508208837137,14.6
2020,Propaganda Política - Propaganda Eleitoral - Aplicativo de Mensagem Instantânea,1307,0.0009275924327761628,0.0007751279292845897,723,0.0010489868045375215,0.00013539128080151638,0.0024824846913444032,0.0006914144773909202,0.0012811988222295207,13.0
2020,Propaganda Política - Propaganda Eleitoral - Horário Eleitoral Gratuito/Inserções de Propaganda,1263,0.0008963651435319768,0.00024784392080375977,256,0.0013595403964551179,0.00016488046166529267,0.004881345749474316,0.0005410752906443415,0.0015950158501513438,4.6
2020,Matéria Administrativa,1168,0.0008289425872093023,0.0007984819021735501,668,0.0013351946726916197,0.00010707274998512879,0.009259259259259259,0.0003543024854445946,0.0013066392570067753,12.0
2020,"Propaganda Política - Propaganda Eleitoral - Confecção, Utilização ou Distribuição de Brinde",1116,0.0007920376090116279,0.0005719627056011906,509,0.000758013474107835,0.00020100502512562814,0.004990368330553724,0.0003946009012138896,0.000759706737475702,9.1
2020,Reversão de Desfiliação,1099,0.0007799725199854651,0.0006221258646107977,645,0.0007631877092355657,7.351319561861354e-05,0.0018364255963650132,0.0005480418590318558,0.0008765102684291314,11.6
2020,Propaganda Política - Propaganda Eleitoral - Bem Particular,1076,0.000763649164244186,0.0005974547420283622,476,0.0006529392345529934,0.00015010507355148604,0.0021057640830408663,0.00035644829325023766,0.0008138004694560057,8.5
2020,Propaganda Política - Propaganda Eleitoral - Inobservância do Limite Legal,1061,0.0007530034974563953,0.0007202764451916612,515,0.0008723650681233334,0.00011084262564011616,0.003071484454231984,0.00030193236714975844,0.0012574662055957245,9.2
2020,Propaganda Política - Propaganda Eleitoral - Impulsionamento,1008,0.0007153888081395349,0.0002654988352705198,331,0.0007417518161710826,0.0001352569882777277,0.002588014814153764,0.0002226648399052053,0.0010622587098513823,5.9
2020,Candidatura Fictícia,998,0.0007082916969476744,0.000664678473113234,553,0.0007275727390576708,9.385705570416256e-05,0.0018255049114775,0.0003079276704945308,0.0010452105085656507,9.9
2020,Calúnia na Propaganda Eleitoral,977,0.0006933877634447674,0.0005928548525977572,591,0.0006700631636710533,0.00013746649254244277,0.0019513659561693185,0.00034306352057151553,0.0009575936612737997,10.6
2020,Propaganda Política - Propaganda Institucional,925,0.000656482785247093,0.0005972591650388743,494,0.0006913087170447351,0.00013746649254244277,0.0022110552763819095,0.0003113204059717335,0.0008024637729846678,8.9
2020,Falsidade Ideológica,907,0.0006437079851017442,0.0004867291214508959,420,0.0006920874739027444,0.0001740341106856944,0.0014278702422917317,0.0004113211716254689,0.0009583158472327201,7.5
2020,Citação,901,0.0006394497183866279,0.0003636941525786179,439,0.005327223157659031,0.00023083264633140974,0.12037037037037036,0.0005293632974907954,0.0009135244794612593,7.9
2020,Propaganda Política - Propaganda Eleitoral - Conduta Vedada a Emissora de Rádio/Televisão na Programação Normal,887,0.0006295137627180232,0.0004084384224666167,414,0.0008123064373255983,0.00014221256900541702,0.0017653224471782423,0.00038608455963057135,0.0011122430451735335,7.4
2020,Propaganda Política - Propaganda Eleitoral - Televisão,884,0.0006273846293604651,0.00011895617061728467,141,0.0006584233260417011,0.00013190436933223414,0.0019013309316521566,0.0002714945114705513,0.0009579634767095869,2.5
2020,Conduta Vedada ao Agente Público,883,0.000626674918241279,0.0005006540412141394,466,0.0007367359848188455,0.00013539128080151638,0.0023425996162598725,0.0003628922418390737,0.0009904216272578342,8.4
2020,Propaganda Política - Propaganda Eleitoral - Outdoors,827,0.0005869310955668605,0.0004149959119620312,478,0.000669210750520606,0.00015718327569946557,0.0017625273303288563,0.00035225442834138486,0.0008447405302666692,8.6
2020,Propaganda Política - Propaganda Eleitoral - Bem Particular de Uso Comum,792,0.0005620912063953489,0.00029612675978139396,360,0.0005396960243301981,0.0001352569882777277,0.002499053388867853,0.00022470430082967025,0.0005791845044623915,6.5
2020,Alistamento Eleitoral - Domicílio Eleitoral,791,0.0005613814952761628,0.0009642609230606474,192,0.0011451118555175818,1.7403411068569438e-05,0.011982114161950674,6.693141760742493e-05,0.0005347494975198687,3.4
2020,Direito de Resposta,789,0.0005599620730377907,0.0004325842298942889,463,0.0006344664938346366,0.00020100502512562814,0.0022053958685584064,0.0003945997472788135,0.0008255418818515176,8.3
2020,Requerimento de Acesso ao Sistema Interno de Controle e Dados de Pesquisas Eleitorais,776,0.0005507358284883721,0.0004118475759932551,394,0.0007313139237151468,6.873324627122139e-05,0.002741098797453431,0.0003369615819459531,0.0009928666350985994,7.1
2020,Intimação,760,0.0005393804505813953,0.0003304398677880918,391,0.003306635988574874,0.00013190436933223414,0.07407407407407407,0.00030610346324552794,0.0007474500114094459,7.0
2020,Divulgação de Propaganda Eleitoral no Dia da Eleição,759,0.0005386707394622093,0.0003054961520513239,301,0.0009458586916859543,6.595218466611707e-05,0.009259259259259259,0.0002206653058972803,0.0008040201005025126,5.4
2020,Candidato Eleito,757,0.0005372513172238372,0.0007301527878418424,135,0.00039215412778846,9.599324207575787e-06,0.0036047825828326692,3.966974965421806e-05,0.00025967505129829993,2.4
2020,Filiação Partidária - Exclusão,687,0.00048757153888081395,0.0003074486993195941,304,0.00045840703995855245,3.7548813457494744e-05,0.0031286765181191742,0.0001869379802824708,0.00044992854099608804,5.5
2020,Propaganda Política - Propaganda Eleitoral - Contrariedade à Lei de Postura Municipal,641,0.0004549248273982558,0.0005102596163234908,364,0.0005120325666111404,1.330111507681394e-05,0.0014302993069287922,0.00016347069997844031,0.0007862761020922401,6.5
2020,Captação ilícita de votos ou corrupção eleitoral,616,0.00043718204941860467,0.0004639415546207252,393,0.0008712942764288734,1.8439637845512713e-05,0.003300848789688777,0.00016848079097297656,0.001127141568981064,7.1
2020,Impugnação - Transferência de Domicílio Eleitoral,602,0.00042724609375,0.0008476730286933891,123,0.001010745686880159,4.433705025604646e-06,0.008104520366100747,3.56909166617096e-05,0.0005087641830015167,2.2
2020,Autorização de Divulgação de Publicidade Institucional,581,0.000412342160247093,0.0003370022360772608,351,0.000327222865819064,3.7548813457494744e-05,0.000843771094277357,0.00020959966464053657,0.00041239947762732835,6.3
2020,Propaganda Política - Propaganda Eleitoral - Rádio,575,0.00040808389353197676,0.00025883007724382114,277,0.0005150611140880312,3.2976092333058534e-05,0.002843216896831844,0.0002254283137962128,0.0006109948523683688,5.0
2020,Propaganda Política - Propaganda Eleitoral - Distribuição de Tempo de Propaganda,563,0.0003995673601017442,0.00035275544343017854,502,0.00027180925543863083,3.4806822137138876e-05,0.0014453878383471148,9.270326431393022e-05,0.00030274081014372426,9.0
2020,Desobediência a Ordens ou Instruções da Justiça Eleitoral,559,0.000396728515625,0.00034969024719810605,323,0.00045936065789380505,3.9903345230441816e-05,0.0014969373883025035,0.00018398378206316155,0.0007042461567135309,5.8
2020,Difamação na Propaganda Eleitoral,558,0.00039601880450581395,0.00033670442977894546,371,0.00037062395501874236,2.897626843615079e-05,0.001070902681718799,0.00017303363767396136,0.00046464758123263364,6.7
2020,Pedido de Dispensa de Convocação para Trabalhos Eleitorais,515,0.00036550122638081395,0.000253182887889796,106,0.00041146292930275587,1.5096618357487922e-05,0.005590602899170575,3.649017752240748e-05,0.00016368388358184243,1.9
2020,Propaganda Política - Propaganda Eleitoral - Omissão de Informações Obrigatórias,514,0.0003647915152616279,0.00028857895215701155,279,0.00041191199299475407,6.873324627122139e-05,0.001517112132434965,0.0001970084619411766,0.0004699055909361381,5.0
2020,Propaganda Política - Propaganda Eleitoral - Horário Eleitoral Gratuito/Programa em Bloco,465,0.0003300156704215116,0.0001225962203920657,170,0.00047781864283331454,8.051529790660226e-05,0.0020514360052036424,0.00020283387905305555,0.0004687617190429761,3.1
2020,Propaganda Política - Propaganda Eleitoral,452,0.000320789425872093,8.9620882978547e-05,72,0.0006818467337494042,5.032206119162641e-06,0.005494576529754748,1.8439637845512713e-05,5.2720927044781154e-05,1.3
2020,Abuso - Uso Indevido de Meio de Comunicação Social,410,0.00029098155886627904,0.0002613252856554031,319,0.00030580012890083955,0.00013252555850056796,0.0008477979563607157,0.00020490106039165517,0.000322169561094131,5.7
2020,DIREITO ELEITORAL,404,0.0002867232921511628,0.00024957292150894417,229,0.00034534959655627297,9.599324207575787e-06,0.0008733319360022358,0.0001356646638786463,0.0005623258622755208,4.1
2020,Contas - Aprovação das Contas,399,0.0002831747365552326,0.0003010143229051355,224,0.0002948751827097388,5.516632647432007e-05,0.0010262817366471823,0.0001288683494932048,0.0003403094662256502,4.0
2020,Convenção Partidária,399,0.0002831747365552326,0.0002457680710307888,270,0.0003343890982843625,3.7500937523438084e-05,0.0007859163784973279,0.00018034265103697024,0.00041919932928107315,4.8
2020,Alistamento Eleitoral - Duplicidade/Pluralidade,392,0.00027820675872093024,0.0001573114931093021,184,0.00029745633824732217,5.2720927044781154e-05,0.001357483613233526,0.00011712302643570972,0.00027272348082017046,3.3
2020,Captação ou Gasto Ilícito de Recursos Financeiros de Campanha Eleitoral,383,0.0002718193586482558,0.00022036270683093722,191,0.0003012735538442727,3.2976092333058534e-05,0.0007591813494448486,0.00011478315833530997,0.0004171831602373696,3.4
2020,Calúnia,371,0.00026330282521802324,0.00023983092493992946,215,0.00044741568252811996,2.5161030595813204e-05,0.004002801961372961,8.401985719638501e-05,0.0005507490670000492,3.9
2020,Direito Líquido e Certo,353,0.00025052802507267443,0.0002182283500173205,281,0.0006134776612740573,7.509762691498949e-05,0.009259259259259259,0.00017452480879013497,0.00029248218052638176,5.0
2020,Cancelamento de Registro de Candidatura,352,0.0002498183139534884,0.00019784642286436636,230,0.00030020627946262076,4.692852785208128e-05,0.0009430996541967935,0.0001667217355138313,0.00035918659311598346,4.1
2020,Alistamento Eleitoral - Cancelamento,347,0.00024626975835755814,0.00028843481721459017,110,0.0004010459150818603,1.8750468761719042e-05,0.005100258506253057,5.025030202301031e-05,0.00014234058848333438,2.0
2020,Condição de Elegibilidade - Quitação Eleitoral,346,0.0002455600472383721,0.00013748007262702415,202,0.0002725693492219311,2.379394444113973e-05,0.001279913121048753,0.00013608147367022075,0.00037554646553826444,3.6
2020,Cargo - Vice-Prefeito,344,0.000244140625,0.00023692583182368632,301,0.0002785540615855095,5.0035024517162014e-05,0.000687332462712214,0.0001920765505145792,0.00033077323778852555,5.4
2020,Propaganda Política - Propaganda Eleitoral - Imprensa Escrita - Jornal/Revista/Tabloide,331,0.0002349143804505814,0.0001760097338556037,217,0.0002797356670687826,2.897626843615079e-05,0.0014146494812951901,6.917344527274956e-05,0.00032195636114416056,3.9
2020,Inscrição Fraudulenta,320,0.00022710755813953488,0.00014524829919763753,117,0.0014756090788985287,2.2168525128023234e-05,0.027777777777777776,0.00010243494067729616,0.000388717031766379,2.1
2020,Propaganda Política - Propaganda Eleitoral - Boca de Urna,311,0.00022072015806686048,0.00017891890436404865,180,0.00024463949107694175,4.692852785208128e-05,0.0006464207682064409,9.59284090764948e-05,0.0003524355572361392,3.2
2020,Crimes Conexos,310,0.00022001044694767443,0.00019857904624168835,190,0.00032097446590677856,4.692852785208128e-05,0.001848512173128945,0.00013132973836657683,0.0003334918371189186,3.4
2020,Alistamento Eleitoral - Inscrição Eleitoral,307,0.0002178813135901163,0.0002829972293056588,184,0.0003132610579832813,5.0035024517162014e-05,0.0034583944665688535,0.00011308309256298264,0.00020239539988742576,3.3
2020,Violação do Sigilo do Voto,301,0.000213623046875,0.0002276943611960712,210,0.0002839373001077011,4.799662103787893e-05,0.0009477389656106146,0.0001308666944262685,0.0003861642853202405,3.8
2020,Propaganda Política - Propaganda Partidária,301,0.000213623046875,0.00024454776002588686,211,0.00028041515440236893,4.433705025604647e-05,0.0015647184955521428,0.00011342001546454835,0.00032844154350778875,3.8
2020,Captação Ilícita de Sufrágio,296,0.00021007449127906976,0.00023798797790349196,239,0.00024258506266499428,2.897626843615079e-05,0.0006619959176918409,0.00016664429709303575,0.00029076386953644315,4.3
2020,Descumprimento da Proibição de Fornecimento de Transporte ou Refeições a Eleitores,296,0.00021007449127906976,0.0002322742504961091,195,0.0004563193472793089,1.7734820102418585e-05,0.002514932411191449,0.00011026979342792031,0.0005589324390414309,3.5
2020,NI,294,0.00020865506904069767,0.0001691692751003115,210,0.0002677649750920655,9.219818922756356e-05,0.0010481602030120813,0.00013733401798953626,0.0002541284460481773,3.8
2020,Injúria na Propaganda Eleitoral,281,0.00019942882449127907,0.00015507308334450706,205,0.00021422666872318306,1.893222264293828e-05,0.0005131408683235911,0.0001327760971995547,0.00028563469124212685,3.7
2020,Condição de Elegibilidade - Filiação Partidária,276,0.00019588026889534883,0.00013124466207882794,151,0.00022518616491482376,3.054974261841844e-05,0.0008144901679401156,9.89282769991756e-05,0.00030932127773481647,2.7
2020,Providência,275,0.00019517055777616279,0.00017139813133158356,204,0.0002502921648582262,2.897626843615079e-05,0.0006983753583768286,0.00011200704188246992,0.0004234269897556114,3.7
2020,Eleições - Eleição Proporcional,272,0.00019304142441860464,0.00012520471906834254,138,0.00025407954439977303,3.493327744008943e-05,0.002677256704296997,5.827215324050618e-05,0.00018542873172717848,2.5
2020,"Propaganda Política - Propaganda Eleitoral - Truncagem, Montagem, Utilização de Gravação Externa, Computação Gráfica, Desenho Animado ou Efeito Especial",266,0.00018878315770348838,0.00010499620531214123,152,0.0002805180068776672,3.7548813457494744e-05,0.0015718327569946558,0.00012246511703758615,0.0003543323521781749,2.7
2020,Boca de urna,262,0.0001859443132267442,0.00015679529086806332,158,0.000329275556694145,9.599324207575787e-06,0.0011762111298978166,0.00010756624263445422,0.0004725354188419413,2.8
2020,Propaganda Política - Propaganda Eleitoral - Debate Político,253,0.00017955691315406976,8.635847508929699e-05,149,0.00019036770986236406,5.894836123555765e-05,0.00043231160176720546,0.00010559256628333365,0.00024385377640825557,2.7
2020,Divulgação de Fatos Inverídicos na Propaganda Eleitoral,250,0.00017742777979651162,0.00011749515187489772,169,0.0005368704369371156,1.893222264293828e-05,0.009259259259259259,9.017132551848512e-05,0.00022142789358808084,3.0
2020,Registro de Candidatura - Substituição de Candidato - Por Renúncia,243,0.0001724598019622093,0.00020874366525362392,183,0.00025546294651973637,5.221023320570832e-05,0.0011508055638947262,0.00010778427572326828,0.0002919077334179811,3.3
2020,Inelegibilidade - Representação ou Ação de Investigação Judicial Eleitoral Jugada Procedente pela Justiça Eleitoral,238,0.00016891124636627907,0.00016808780862442385,189,0.0002102666891739078,4.758788888227946e-05,0.000516309859674356,0.00013464072437992486,0.00027494400894554586,3.4
2020,Apropriação Indébita Eleitoral,233,0.00016536269077034883,0.00010116407994556544,132,0.0001838796444222964,9.599324207575787e-06,0.0006569993899291379,6.928475480583463e-05,0.00031667518571528884,2.4
2020,Acordo de Não Persecução Penal,230,0.0001632335574127907,0.00012703283839580928,103,0.0006197130567073009,2.231047253580831e-05,0.009259259259259259,0.00010263570001290305,0.0002593383274874317,1.8
2020,Difamação,218,0.00015471702398255814,0.000125618595029667,155,0.00021749549581919877,1.0064412238325282e-05,0.0007004903432402681,4.8124811253189777e-05,0.0003209932846948522,2.8
2020,COVID-19,206,0.00014620049055232557,0.00011507496355645274,153,0.00017874557841101392,3.493327744008943e-05,0.0006484319735911341,7.812209423917768e-05,0.00022732312908702054,2.7
2020,Coação Visando a Obtenção de Voto ou a sua Abstenção,204,0.0001447810683139535,0.00017153927230325057,148,0.00018937875791088488,1.330111507681394e-05,0.000580072285931016,9.039293050630746e-05,0.00023933382433612014,2.7
2020,Processamento de Recurso Contra Expedição de Diploma,201,0.00014265193495639536,0.00014501665062513272,152,0.0002033789199918051,4.508566275924256e-05,0.0012185215272136475,8.498032940532093e-05,0.00020265930188478635,2.7
2020,Doação de Recursos Acima do Limite Legal,182,0.00012916742369186048,7.388290861124959e-05,70,0.00015988674624591213,2.897626843615079e-05,0.0005817786913857968,5.7706522303484106e-05,0.00015677041263831258,1.3
2020,Transação Penal,180,0.00012774800145348838,0.00010392632032776462,116,0.0001337991123643332,1.0544185408956232e-05,0.0004020100502512563,3.493327744008943e-05,0.0002314814814814815,2.1
2020,Pesquisa Fraudulenta,173,0.00012278002361918605,0.00010141507652564493,136,0.0001268856416181435,1.893222264293828e-05,0.00033099795884592044,6.222905612818564e-05,0.00016262633771657012,2.4
2020,Falsificação ou Alteração de Documento Público para Fins Eleitorais,172,0.0001220703125,0.00010916088999722798,124,0.0004929009059454148,2.897626843615079e-05,0.009259259259259259,5.320446030725576e-05,0.00020619973881366417,2.2
2020,Eleições - Eleição Majoritária,171,0.00012136060138081395,0.0002539060995298998,75,0.0003378275635062689,1.0544185408956232e-05,0.0047416011174005734,3.2976092333058534e-05,9.385705570416256e-05,1.3
2020,Execução - De Multa Eleitoral,157,0.0001114246457122093,0.00010222253315052302,107,0.00015007346998702656,1.8750468761719042e-05,0.0004887958818946951,5.7795351102580994e-05,0.0001739430696834501,1.9
2020,Cautelar Inominada - Preparatória,144,0.0001021984011627907,8.613895194501685e-05,128,0.0001225940099778127,3.56909166617096e-05,0.00036879275691025426,7.260607617243571e-05,0.0001567688436377101,2.3
2020,Contas,144,0.0001021984011627907,8.758502580532097e-05,95,0.00015707401749329175,1.292841536412882e-05,0.0007134274556924001,5.679666792881484e-05,0.00016549897942296022,1.7
2020,Tutela de Urgência,143,0.00010148869004360466,8.250517317527825e-05,113,0.0001333151819436582,1.893222264293828e-05,0.0004811327238985497,5.9484861102849326e-05,0.00017848378028646647,2.0
2020,Cautelar Inominada - De Busca e Apreensão,143,0.00010148869004360466,0.00010899682719267036,126,0.00013648823793863598,1.8750468761719042e-05,0.0004043225759023745,4.46625072105301e-05,0.00014982399624153698,2.3
2020,Cautelar Inominada - Incidental,138,9.794013444767442e-05,0.00011269407351700223,88,0.0001704465570474356,3.4806822137138876e-05,0.0008821583474233625,6.793748869492681e-05,0.00013533040385122684,1.6
2020,Cautelar Inominada - De Produção Antecipada de Provas,134,9.510128997093024e-05,8.114991339950889e-05,108,0.0001302612191027338,1.893222264293828e-05,0.0008842254185333647,4.742304862472992e-05,0.00013746832985255282,1.9
2020,Propaganda Política - Propaganda Eleitoral - Invasão de Horário Destinado a Outro Cargo/Partido/Coligação,129,9.1552734375e-05,6.651951854622574e-05,74,0.00017010490911709524,1.292841536412882e-05,0.0008123476848090983,4.925840035089183e-05,0.00014474899514453437,1.3
2020,Divulgação de Falsa Imputação,125,8.871388989825581e-05,6.413111868863012e-05,109,9.528805742132933e-05,1.893222264293828e-05,0.000290036142965508,4.582461392762766e-05,0.00014078558355624384,2.0
2020,Nulidade de ato administrativo,124,8.800417877906976e-05,7.484742550770609e-05,70,0.00011628058755748433,1.292841536412882e-05,0.0004130369480324422,4.3631202197533744e-05,0.00016501545918378146,1.3
2020,"Inutilização, Alteração ou Perturbação de Propaganda",122,8.658475654069768e-05,5.650874130824209e-05,85,0.00010063257599869761,1.292841536412882e-05,0.00046398191660222476,3.770662937168565e-05,0.0001322136282110679,1.5
2020,Violência ou Grave Ameaça Visando a Obtenção de Voto ou a sua Abstenção,120,8.516533430232558e-05,0.00013621768526973703,82,0.00013968227331934147,8.867410051209293e-06,0.0005829516388079234,4.547112305456596e-05,0.0001350591482063989,1.5
2020,Desobediência à determinações da Justiça Eleitoral,119,8.445562318313954e-05,9.339561899739285e-05,67,0.00023630597207955918,9.599324207575787e-06,0.000840311784648373,6.197585716255299e-05,0.00027119777044498714,1.2
2020,Irregularidades dos Dados Publicados em Pesquisas Eleitorais,117,8.303620094476744e-05,6.908018654792325e-05,94,0.00010825271139895813,1.7403411068569438e-05,0.00033099795884592044,5.76635696364299e-05,0.0001431154560550544,1.7
2020,Transação,110,7.806822311046512e-05,5.745988636623749e-05,84,0.002031791134181131,2.9474180617778827e-05,0.046296296296296294,5.46694169135989e-05,0.00013673985649019824,1.5
2020,Subscrição de Mais de Uma Ficha de Filiação Partidária,109,7.735851199127907e-05,4.274059221837984e-05,57,9.873113758942924e-05,1.292841536412882e-05,0.0006873692089144149,3.6894929453143413e-05,9.472025208117007e-05,1.0
2020,Alteração do Resultado de Votação nos Mapas ou Boletins de Apuração,109,7.735851199127907e-05,6.232943656675594e-05,78,9.454160612484927e-05,1.8439637845512713e-05,0.0004020100502512563,5.0035024517162014e-05,0.00012182387747998608,1.4
2020,Uso de Documento Falso para Fins Eleitorais,109,7.735851199127907e-05,7.866264970790124e-05,71,9.66465698324548e-05,1.8750468761719042e-05,0.00027078256160303275,4.625958774789387e-05,0.00011049779920382243,1.3
2020,Impedimento do Exercício da Propaganda,108,7.664880087209302e-05,7.647001645195112e-05,90,9.38563538202056e-05,2.660223015362788e-05,0.00020158580835909153,4.9473677856740125e-05,0.00012164353002165928,1.6
2020,Partido Político - Comissão Provisória,108,7.664880087209302e-05,9.274321261432262e-05,92,0.00014972757580791664,1.527487130920922e-05,0.0008666629787390976,3.443218765232855e-05,0.0001025984129617917,1.7
2020,Diplomação,106,7.522937863372093e-05,7.13878831132199e-05,91,0.00010495666464596984,3.493327744008943e-05,0.00022053958685584063,5.2720927044781154e-05,0.00015019525382997898,1.6
2020,Requerimentos Relativos ao Horário Eleitoral Gratuito,105,7.451966751453488e-05,5.075160587805904e-05,75,0.00012022991271216383,1.7403411068569438e-05,0.0004043225759023745,3.961776357502797e-05,0.00013500916940484975,1.3
2020,Injúria,99,7.026140079941861e-05,5.1948320319573856e-05,79,0.00012809605401977348,1.0064412238325282e-05,0.00032976092333058534,5.6427229330745664e-05,0.0001876569044378618,1.4
2020,Impedimento ou Embaraço ao Exercício do Sufrágio,99,7.026140079941861e-05,6.781619638623777e-05,76,0.00011010386284297894,9.599324207575787e-06,0.0006619959176918409,4.454475444836687e-05,0.0001251092867460046,1.4
2020,Busca e Apreensão de Bens,97,6.884197856104651e-05,6.886858506466718e-05,76,0.00010957744909735358,1.330111507681394e-05,0.0005354513408593995,4.054508805119676e-05,0.00010470499084305537,1.4
2020,Condicional do processo,95,6.742255632267442e-05,0.00010629988237438698,78,0.0008737626284334356,1.9198648415151573e-05,0.018518518518518517,4.285291216808615e-05,0.0001595073330156958,1.4
2020,Liminar,94,6.671284520348837e-05,6.658268405334626e-05,86,9.498618081987437e-05,1.8750468761719042e-05,0.0002254283137962128,5.245878998109518e-05,0.00012920291736940635,1.5
2020,Promoção de Desordem nos Trabalhos Eleitorais,91,6.458371184593024e-05,6.011854622976322e-05,78,8.965548653312212e-05,1.7403411068569438e-05,0.00020631926432445179,3.813087105808985e-05,0.00013954060750617065,1.4
2020,Arquivamento de Procedimento Investigatório Criminal - PIC-MP,90,6.387400072674419e-05,3.985767682477797e-05,48,9.547688326214491e-05,1.8750468761719042e-05,0.00025306044981494955,3.606834147509702e-05,0.0001105994999966953,0.9
2020,Aliciamento eleitoral,89,6.316428960755814e-05,7.961371100576139e-05,69,0.00019547928715165337,9.599324207575787e-06,0.000733598826241878,3.786444528587656e-05,0.0003308093802837609,1.2
2020,Eleições - Eleição Suplementar,86,6.103515625e-05,6.052378886300295e-05,47,9.228692601514663e-05,9.599324207575787e-06,0.000290036142965508,3.58449376246981e-05,0.00012490054590167472,0.8
2020,Propaganda Política - Propaganda Eleitoral - Cavalete,86,6.103515625e-05,3.6202978384592625e-05,58,7.545528513345302e-05,2.9474180617778827e-05,0.00018750468761719044,4.5149759912604716e-05,0.00010644263423084786,1.0
2020,Exceção - De Suspeição,86,6.103515625e-05,3.9607812996537735e-05,48,9.428919694876168e-05,1.330111507681394e-05,0.0004346440265422619,2.585683072825764e-05,0.00011359333585762968,0.9
2020,Diligências,85,6.032544513081395e-05,3.852873863826463e-05,65,9.488130734466534e-05,5.032206119162641e-06,0.00031439949696080485,3.839729683030315e-05,0.000129077464918589,1.2
2020,Propaganda Política - Propaganda Eleitoral - Pintura em Muro,85,6.032544513081395e-05,5.7952705267596016e-05,65,9.492802808990101e-05,2.2168525128023234e-05,0.00034078000757288904,3.7949117176870615e-05,0.00010209485432640135,1.2
2020,Oitiva,84,5.9615734011627904e-05,3.161245735311318e-05,62,0.0013877442484513535,1.0544185408956232e-05,0.027777777777777776,3.7500937523438084e-05,9.164922785525532e-05,1.1
2020,Coligação Partidária - Proporcional,79,5.606717841569767e-05,4.71163579108913e-05,68,7.775821212893606e-05,1.1896972220569864e-05,0.00020100502512562814,4.65188596571769e-05,9.921372000796272e-05,1.2
2020,Falsificação ou Alteração de Documento Particular para Fins Eleitorais,78,5.5357467296511625e-05,5.5563121972381613e-05,63,0.0005535266904070302,1.7403411068569438e-05,0.009259259259259259,3.568669458168084e-05,0.0001004045762957807,1.1
2020,Improbidade Administrativa,76,5.3938045058139536e-05,6.131217816696063e-05,57,8.232107871793335e-05,1.7734820102418585e-05,0.00022529288074496845,3.704410674600637e-05,0.00014205431536465474,1.0
2020,Execução de Julgado,75,5.322833393895349e-05,4.4187513427391005e-05,62,8.564157586082505e-05,1.7403411068569438e-05,0.00020100502512562814,3.5666069401536215e-05,0.00012064573772988496,1.1
2020,Eleições - 2° Turno,74,5.251862281976744e-05,9.961192036701677e-06,30,0.00013832466630200974,1.1896972220569864e-05,0.0010507355148604023,3.0193236714975845e-05,0.00011264644037248422,0.5
2020,Autorização de Transmissão de Pessoa Não Detentora de Direitos Políticos em Atividades Partidárias e de Propaganda Eleitoral,71,5.0389489462209304e-05,4.59057946213332e-05,66,5.9917323334955926e-05,1.8750468761719042e-05,0.00014078558355624384,3.7760934300696845e-05,7.474740612957929e-05,1.2
2020,Erro de Procedimento,71,5.0389489462209304e-05,3.603684522032387e-05,51,0.00010361180273475289,8.867410051209293e-06,0.00040617384240454913,3.6817936750166094e-05,9.471359227403866e-05,0.9
2020,Registro de Candidatura - Substituição de Candidato - Por Indeferimento de Registro,71,5.0389489462209304e-05,5.811357762199928e-05,58,9.390767062049118e-05,9.599324207575787e-06,0.00047154982709839675,3.649017752240748e-05,0.0001012524948558101,1.0
2020,Alistamento Eleitoral - Exclusão,67,4.755064498546512e-05,7.537370344969162e-05,13,0.00017022531076166462,1.0064412238325282e-05,0.0014777896902436905,1.588985850751156e-05,3.62691538912648e-05,0.2
2020,Inelegibilidade - Desincompatibilização,67,4.755064498546512e-05,5.190287911564426e-05,59,6.403519187500084e-05,1.292841536412882e-05,0.00015718327569946557,4.554637903245224e-05,7.476285803175483e-05,1.1
2020,Condição de Elegibilidade - Pleno Exercício dos Direitos Políticos,63,4.471180050872093e-05,3.9739072115611904e-05,57,5.948750044955904e-05,1.7403411068569438e-05,0.00020100502512562814,3.5389107532393766e-05,6.528041661302216e-05,1.0
2020,Impugnação - Inscrição Eleitoral,62,4.400208938953488e-05,6.28231709982543e-05,40,8.229502128204995e-05,1.0064412238325282e-05,0.00038426605184098373,3.054974261841844e-05,6.693141760742493e-05,0.7
2020,Apuração de indícios de irregularidades informados pela Administração Pública,62,4.400208938953488e-05,2.7685359217733284e-05,35,6.521250671074531e-05,1.0064412238325282e-05,0.00023038378098181887,2.0011337681574213e-05,6.659908314233785e-05,0.6
2020,Vícios Formais da Sentença,60,4.258266715116279e-05,3.262021007153966e-05,45,6.583006073703858e-05,1.1896972220569864e-05,0.00017385761061690475,3.001347269067659e-05,0.00010235781784250276,0.8
2020,Descumprimento de Prazos Eleitorais,59,4.1872956031976744e-05,3.2477586985584685e-05,55,5.821564803188597e-05,1.8750468761719042e-05,0.00014737090308889413,3.054974261841844e-05,9.219818922756356e-05,1.0
2020,Infração de Medida Sanitária Preventiva,58,4.1163244912790696e-05,5.086593848023622e-05,15,0.0005598678701740646,0.0001527487130920922,0.0011211871393239901,0.00027920823559910167,0.0007634274487150506,0.3
2020,"Uso, na Propaganda Eleitoral, de Símbolo de Órgãos de Governo",55,3.903411155523256e-05,2.5086216944259954e-05,48,5.004026719017374e-05,1.527487130920922e-05,0.00011155236267904155,3.346538860981626e-05,6.865444236464208e-05,0.9
2020,Propaganda Política - Propaganda Eleitoral - Rádio Comunitária,54,3.832440043604651e-05,4.627220636911523e-05,50,5.4521208235644584e-05,8.867410051209293e-06,0.00011590507374460317,2.5161030595813204e-05,7.500187504687617e-05,0.9
2020,Veiculação de Propaganda Partidária - Em Inserções,54,3.832440043604651e-05,2.6383571098767657e-05,43,6.270823159938321e-05,1.0064412238325282e-05,0.0002254283137962128,3.69426827378396e-05,6.537966308755058e-05,0.8
2020,Crimes contra a Fé Pública Eleitoral,53,3.7614689316860464e-05,2.482620272268592e-05,40,6.799303397450268e-05,1.7403411068569438e-05,0.0002022485277496877,3.046061614255779e-05,7.522256505611914e-05,0.7
2020,Partido Político - Órgão de Direção Estadual,53,3.7614689316860464e-05,3.347948109274798e-05,29,7.460327603708353e-05,1.292841536412882e-05,0.0001906493161009998,3.119831264858223e-05,9.943519947279647e-05,0.5
2020,Votação Múltipla ou Realizada em Lugar de Outrem,53,3.7614689316860464e-05,3.18096684503497e-05,45,5.365680526821757e-05,1.8750468761719042e-05,0.00011590507374460317,3.220372902893413e-05,6.523019095338395e-05,0.8
2020,Divulgação de pesquisa de fraudulenta,51,3.6195267078488375e-05,2.8096531210385094e-05,43,7.8470928831455e-05,3.56909166617096e-05,0.00020619973881366417,5.294925652286126e-05,8.42901931178508e-05,0.8
2020,Recursos Financeiros de Campanha Eleitoral,49,3.477584484011628e-05,3.874702922853005e-05,16,0.0008411891020516155,4.433705025604646e-06,0.009259259259259259,1.267055457823908e-05,7.978748411228276e-05,0.3
2020,Contas - Desaprovação/Rejeição das Contas,49,3.477584484011628e-05,3.158034650772056e-05,35,5.863341700769881e-05,2.5161030595813204e-05,0.0001392272885485555,3.264020830651108e-05,8.158721917277581e-05,0.6
2020,Ameaça,48,3.406613372093023e-05,4.0219785878531985e-05,42,0.0006003027486043344,1.0544185408956232e-05,0.009259259259259259,3.054974261841844e-05,9.46611132146914e-05,0.8
2020,Injúria Eleitoral Violenta,47,3.3356422601744184e-05,3.3736510543963195e-05,35,4.607789715218367e-05,9.599324207575787e-06,0.00017848378028646647,1.8517345574564294e-05,4.701338042982553e-05,0.6
2020,Nome do Candidato - Variação Nominal,44,3.122728924418605e-05,2.2193956456542808e-05,35,5.0428159589325e-05,1.5096618357487922e-05,0.00015514098436954582,2.5892326576793567e-05,5.2676969026850076e-05,0.6
2020,Atos executórios,43,3.0517578125e-05,1.8411929831921153e-05,38,6.944768609312383e-05,1.0064412238325282e-05,0.00028976268436150794,1.428799319301158e-05,8.368512566138804e-05,0.7
2020,Arguição de Ineligibilidade Temerária ou de Má-Fé,41,2.9098155886627908e-05,2.7002707268930275e-05,31,4.04340195111601e-05,1.527487130920922e-05,9.599324207575786e-05,2.4456351344718094e-05,4.373329835414435e-05,0.6
2020,Inelegibilidade - Rejeição de Contas Públicas,40,2.838844476744186e-05,2.6997874181097792e-05,39,5.781944116403112e-05,4.433705025604646e-06,0.00020100502512562814,3.083895482335648e-05,6.803798086994531e-05,0.7
2020,Obtenção de Documento Falso para Fins Eleitorais,40,2.838844476744186e-05,2.2094082507278854e-05,24,6.747259958222443e-05,8.867410051209293e-06,0.00022127565414615258,3.054974261841844e-05,9.017132551848512e-05,0.4
2020,Não-Acesso dos Partidos aos Dados Relativos às Pesquisas Eleitorais,39,2.7678733648255812e-05,2.006672920362559e-05,35,5.813415638302702e-05,5.032206119162641e-06,0.00014078558355624384,2.9506618523762693e-05,6.88879623266634e-05,0.6
2020,Contas-  Simplificada,38,2.6969022529069768e-05,1.6313246479891494e-05,29,5.900642268265359e-05,2.379394444113973e-05,0.00020100502512562814,3.7760934300696845e-05,5.4427303157167134e-05,0.5
2020,"Auxílio Emergencial (Lei 13,982/2020)",38,2.6969022529069768e-05,2.2241565212208145e-05,31,4.703123848568219e-05,4.433705025604646e-06,0.00011264644037248422,2.568288069514653e-05,5.127233708761842e-05,0.6
2020,Alteração Estatutária de Partido Político em Matéria Administrativa,38,2.6969022529069768e-05,1.7439189943501344e-05,28,4.9926240363367755e-05,9.599324207575787e-06,0.0003002101471029721,1.9334944275767396e-05,4.441621481181732e-05,0.5
2020,Corrupção ou Fraude,37,2.625931140988372e-05,3.5184288707862976e-05,36,5.1511497283224624e-05,8.867410051209293e-06,0.00015718327569946557,1.8595053303615876e-05,7.839768009431562e-05,0.6
2020,Impugnação - Nomeação de Membro da Mesa Receptora,36,2.5549600290697676e-05,3.456592814100192e-05,27,6.484156864636692e-05,4.433705025604646e-06,0.00029474180617778827,1.816781685575386e-05,6.929990057570013e-05,0.5
2020,Interrogatório,36,2.5549600290697676e-05,1.728977604945965e-05,30,5.538328958790483e-05,1.7403411068569438e-05,0.00011264644037248422,2.5161030595813204e-05,9.375234380859522e-05,0.5
2020,Execução - De Astreintes,35,2.4839889171511628e-05,2.125369644789319e-05,16,8.436250394898962e-05,4.433705025604646e-06,0.0002950342055282034,1.1896972220569864e-05,8.924189014323323e-05,0.3
2020,Direitos Políticos - Restabelecimento dos Direitos Políticos,35,2.4839889171511628e-05,2.070166269200177e-05,30,4.617383119703558e-05,5.032206119162641e-06,0.00010007004903432403,3.054974261841844e-05,5.759594524545472e-05,0.5
2020,Inscrição Simultânea em Dois ou Mais Partidos,34,2.413017805232558e-05,1.2407370443890256e-05,19,6.89989901633235e-05,5.032206119162641e-06,0.0003360471688026028,1.7294955412321486e-05,4.845648641994542e-05,0.3
2020,Prisão em flagrante,34,2.413017805232558e-05,2.5450749397406267e-05,26,5.6152015903123294e-05,1.8439637845512713e-05,0.00015718327569946557,3.3663149234641564e-05,7.11424558486466e-05,0.5
2020,Falsidade ideológica,33,2.3420466933139536e-05,1.5318894261748373e-05,27,5.053736270509944e-05,8.867410051209293e-06,0.00015010507355148604,2.0608597647281514e-05,6.6441801136771e-05,0.5
2020,Inelegibilidade - Condenação Criminal por órgão colegiado ou Transitada em Julgado,31,2.200104469476744e-05,1.917120897775569e-05,27,8.347386730202164e-05,9.599324207575787e-06,0.0004020100502512563,2.638510643864526e-05,7.200696987920908e-05,0.5
2020,Suspensão Condicional de Processo,30,2.1291333575581396e-05,2.0822914462288887e-05,20,5.9333728114972194e-05,4.433705025604646e-06,0.00015718327569946557,2.7317605606796017e-05,8.301053200784028e-05,0.4
2020,Condição de Elegibilidade - Alistamento Eleitoral,30,2.1291333575581396e-05,1.9093407657499542e-05,23,3.600549137654527e-05,1.0544185408956232e-05,6.873324627122139e-05,1.816781685575386e-05,5.1589967068619205e-05,0.4
2020,Aliciamento de eleitores,29,2.0581622456395348e-05,2.1773533238240845e-05,23,7.819591509648671e-05,8.867410051209293e-06,0.0004020100502512563,3.210061440423861e-05,8.137618459628493e-05,0.4
2020,Veiculação de Propaganda Partidária - Em Bloco,29,2.0581622456395348e-05,2.4682878151707203e-05,25,3.8552166399658036e-05,8.867410051209293e-06,8.692880530845237e-05,1.9706527818866102e-05,5.595649226753887e-05,0.4
2020,Habeas Corpus - Preventivo,28,1.9871911337209304e-05,1.927765516870204e-05,27,4.503068869939306e-05,1.0064412238325282e-05,0.00015718327569946557,1.8974558588435308e-05,5.598149720156745e-05,0.5
2020,Violação do Sigilo da Urna ou dos Invólucros,28,1.9871911337209304e-05,1.875479971951743e-05,22,3.735369731879394e-05,4.433705025604646e-06,8.842254185333648e-05,1.783700616066126e-05,5.0184738559155097e-05,0.4
2020,Propaganda Política - Propaganda Intrapartidária,28,1.9871911337209304e-05,2.3354336132990667e-05,23,6.703296718409408e-05,9.599324207575787e-06,0.00023181014748920633,3.054974261841844e-05,6.693141760742493e-05,0.4
2020,Falso eleitoral,27,1.9162200218023256e-05,2.8070463221257817e-05,17,8.141144817638643e-05,9.599324207575787e-06,0.00020619973881366417,2.3863368598934915e-05,0.00015359597285050756,0.3
2020,Nulidade - Execução Instaurada Antes de Condição ou Termo,26,1.8452489098837208e-05,1.0799407794064619e-05,22,3.368198447738113e-05,9.599324207575787e-06,6.109948523683688e-05,2.694093222493719e-05,4.285291216808615e-05,0.4
2020,Utilização de Organização Comercial para Propaganda ou Aliciamento de Eleitores,26,1.8452489098837208e-05,1.596359292640793e-05,20,5.1670634073954615e-05,4.433705025604646e-06,0.0001877440672874737,1.8750468761719042e-05,4.217674163582493e-05,0.4
2020,Prestação de Contas - De Exercício Financeiro,26,1.8452489098837208e-05,1.848224752370009e-05,21,3.9853727734313924e-05,8.867410051209293e-06,0.0001178967224711153,1.8017884809506015e-05,5.3220526475570525e-05,0.4
2020,Utilização de Prédios ou Serviços de Repartições Públicas para Beneficiar Partido ou Organização de Caráter Político,25,1.7742777979651164e-05,1.722295729381477e-05,25,4.243698686898888e-05,1.292841536412882e-05,0.00015718327569946557,2.36704350506478e-05,3.931684636102521e-05,0.4
2020,Contas - Aprovação das Contas com Ressalvas,25,1.7742777979651164e-05,1.972445029417588e-05,21,3.2552977345841156e-05,5.032206119162641e-06,6.873324627122139e-05,1.764844621143684e-05,4.016076535259079e-05,0.4
2020,Condição de Elegibilidade - Domicílio Eleitoral na Circunscrição,24,1.7033066860465116e-05,8.283051537161727e-06,20,3.677202946755282e-05,9.599324207575787e-06,0.00011635573827715937,1.4585745768988634e-05,4.622797392215623e-05,0.4
2020,Cerceamento da Fiscalização Partidária,23,1.6323355741279068e-05,1.6344735798917646e-05,22,3.8629298449178307e-05,4.433705025604646e-06,9.017132551848512e-05,2.0128824476650564e-05,4.462094507161662e-05,0.4
2020,Desacato,22,1.5613644622093024e-05,1.3285878528465756e-05,20,4.565016482992266e-05,1.0064412238325282e-05,0.00015718327569946557,2.9474180617778827e-05,5.0035024517162014e-05,0.4
2020,"Ocultação, Sonegação ou Recusa de Fornecimento de Utilidades, Alimentos e Transporte no Dia da Eleição",22,1.5613644622093024e-05,1.4071754706808092e-05,20,8.094627826213079e-05,1.8439637845512713e-05,0.00031436655139893113,2.408745842565118e-05,0.0001040340239948002,0.4
2020,"Prisão ou Detenção do Eleitor, Membro de Mesa Receptora, Fiscal, Delegado de Partido ou Candidato, Fora das Hipóteses Legais Permitidas",21,1.4903933502906976e-05,1.4300892806067883e-05,17,4.058441584266838e-05,8.867410051209293e-06,8.70170553428472e-05,1.9976604445315756e-05,4.925840035089183e-05,0.3
2020,Recusa ou Abandono do Serviço Eleitoral,21,1.4903933502906976e-05,1.2675354868505276e-05,20,3.328332027453218e-05,1.330111507681394e-05,5.9484861102849326e-05,1.5807006249049275e-05,5.076194822011374e-05,0.4
2020,Identificação Numérica de Candidato,20,1.419422238372093e-05,8.280655102760838e-06,10,3.2903495508140676e-05,1.0064412238325282e-05,5.0035024517162014e-05,2.014765309248864e-05,4.803421994314525e-05,0.2
2020,Não Cumprimento dos Deveres Impostos pelo Código Eleitoral à Autoridade Judiciária e aos Funcionários da Justiça Eleitoral,19,1.3484511264534884e-05,1.3618064308852376e-05,17,0.0006970107338270355,4.433705025604646e-06,0.009259259259259259,1.8795907232023852e-05,6.468669742364409e-05,0.3
2020,Impugnação de Ato Judicial,19,1.3484511264534884e-05,1.0572056352664363e-05,19,2.5449859077065734e-05,8.867410051209293e-06,4.799662103787893e-05,1.6857254577360967e-05,3.395468488657398e-05,0.3
2020,Denunciação caluniosa,19,1.3484511264534884e-05,8.774641482687442e-06,16,4.752121854960294e-05,8.867410051209293e-06,0.00010007004903432403,2.1700287225893893e-05,6.869827937223758e-05,0.3
2020,Requisição de Força Federal,19,1.3484511264534884e-05,1.7679634510449964e-05,19,5.207576727021167e-05,9.599324207575787e-06,0.00025017512258581004,1.3273581932569759e-05,4.268552772646882e-05,0.3
2020,Efeito Suspensivo / Impugnação / Embargos à Execução,18,1.2774800145348838e-05,1.2218398032358232e-05,15,3.107900250676221e-05,8.867410051209293e-06,5.894836123555765e-05,1.6857254577360967e-05,4.124269517874659e-05,0.3
2020,Concentração de Eleitores para Embaraçar ou Fraudar o Exercício do Voto,18,1.2774800145348838e-05,1.0841393351681519e-05,17,3.127082036943632e-05,4.433705025604646e-06,8.692880530845237e-05,1.0173736210824306e-05,4.268552772646882e-05,0.3
2020,Direitos Políticos - Suspensão de Direitos Políticos,18,1.2774800145348838e-05,1.3326289972113393e-05,18,4.2926492988159425e-05,4.433705025604646e-06,0.00020100502512562814,1.1896972220569864e-05,4.508566275924256e-05,0.3
2020,Prestação de Contas - De Comitê Financeiro,18,1.2774800145348838e-05,1.6417311262272188e-05,17,3.25242628911733e-05,9.599324207575787e-06,6.873324627122139e-05,1.5008042426773096e-05,4.273697623485932e-05,0.3
2020,Propaganda Política - Propaganda Eleitoral - Telemarketing,17,1.206508902616279e-05,4.748511134321039e-06,15,2.7633231162239782e-05,4.433705025604646e-06,7.351319561861354e-05,1.625001471302868e-05,3.2741510029253935e-05,0.3
2020,Requerimento de justificativa por ausência ou abandono dos trabalhos eleitorais,16,1.1355377906976744e-05,6.053494976780246e-06,9,6.500340825976341e-05,1.0064412238325282e-05,0.00015000375009375234,1.2212414582677935e-05,0.00010276372903057349,0.2
2020,Crimes contra a Propaganda Eleitoral,16,1.1355377906976744e-05,8.823031130536606e-06,13,3.1639401780417096e-05,8.867410051209293e-06,5.894836123555765e-05,1.5096618357487922e-05,4.462094507161662e-05,0.2
2020,Pesquisa Eleitoral,16,1.1355377906976744e-05,1.5198840209518955e-05,13,4.9502639533528194e-05,1.0544185408956232e-05,0.00014702639123722708,1.7119832904116245e-05,5.598149720156745e-05,0.2
2020,Eleições - Anulação de Eleições,15,1.0645666787790698e-05,7.701131396422915e-06,14,3.0643087599765764e-05,5.032206119162641e-06,0.00013746649254244277,1.1736300386542525e-05,2.6634062529459278e-05,0.3
2020,Desordem eleitoral,15,1.0645666787790698e-05,8.64145450036868e-06,14,5.485852905460683e-05,8.867410051209293e-06,0.00018034265103697024,1.7403411068569438e-05,6.873324627122139e-05,0.3
2020,Pena de Multa,15,1.0645666787790698e-05,4.651626934494988e-06,13,5.428991880740908e-05,4.433705025604646e-06,0.00020100502512562814,1.5165913216349129e-05,6.984083481589512e-05,0.2
2020,Nome do Candidato - Homonímia,14,9.935955668604652e-06,6.136386170171195e-06,13,2.231453321308725e-05,5.032206119162641e-06,5.171366145651528e-05,1.6279704084091605e-05,2.4549597473456704e-05,0.2
2020,Perda de Cargo Eletivo por Desfiliação Partidária,14,9.935955668604652e-06,8.18287246993297e-06,13,2.6230899318132907e-05,8.867410051209293e-06,4.462094507161662e-05,1.770184789292989e-05,3.6817936750166094e-05,0.2
2020,Uso de símbolos governamentais em propaganda eleitoral,14,9.935955668604652e-06,6.459361497886987e-06,12,5.704582826505584e-05,1.330111507681394e-05,0.00020100502512562814,2.0551572229158535e-05,6.296173968838728e-05,0.2
2020,Inelegibilidade - Analfabetismo,14,9.935955668604652e-06,1.1052067290209299e-05,9,4.583963692539072e-05,9.599324207575787e-06,0.00016488046166529267,1.0304298823640757e-05,4.8406403260717107e-05,0.2
2020,Dissolução de Órgão de Direção Partidária,13,9.226244549418604e-06,6.1742032631065235e-06,13,2.050902910725712e-05,9.599324207575787e-06,3.675659780930677e-05,1.2611882659849512e-05,2.974307111793873e-05,0.2
2020,Crimes contra o Sigilo ou o Exercício do Voto,13,9.226244549418604e-06,8.100702194491122e-06,12,2.6331192213075476e-05,1.0064412238325282e-05,4.508566275924256e-05,1.47814322511104e-05,3.615539086065588e-05,0.2
2020,Falsificação de documento público para fins eleitorais,13,9.226244549418604e-06,1.0019908250430108e-05,8,4.190033492032748e-05,1.527487130920922e-05,0.00011063782707307629,2.3438795843174132e-05,4.3767981020300046e-05,0.1
2020,Uso Proibido de Alto-Falantes,12,8.516533430232558e-06,6.564225508806495e-06,9,4.2109348830917994e-05,1.1896972220569864e-05,0.00013539128080151638,1.6857254577360967e-05,3.813087105808985e-05,0.2
2020,Registro de Candidatura - Substituição de Candidato,12,8.516533430232558e-06,7.0812333224186135e-06,12,2.514171099910281e-05,1.7734820102418585e-05,3.675659780930677e-05,1.884134570232866e-05,3.0011961618098634e-05,0.2
2020,Práticas Irregulares que Determinam a Anulação da Votação,12,8.516533430232558e-06,7.930650888822685e-06,10,3.7958126522814264e-05,4.433705025604646e-06,0.00013190436933223414,1.1896972220569864e-05,3.7548813457494744e-05,0.2
2020,Utilização de Veículos e Embarcações Públicas em Campanha Eleitoral,12,8.516533430232558e-06,8.847283356348237e-06,10,4.824567284220739e-05,9.599324207575787e-06,0.00027078256160303275,1.0544185408956232e-05,2.231047253580831e-05,0.2
2020,Registro de Comitê Financeiro - Eleição Proporcional,12,8.516533430232558e-06,1.0560372726163837e-05,11,2.9298763548848317e-05,5.032206119162641e-06,4.692852785208128e-05,2.4572722522187985e-05,3.7046660132642754e-05,0.2
2020,Participação de Pessoa Não Detentora de Direitos Políticos em Atividades Partidárias e de Propaganda Eleitoral,12,8.516533430232558e-06,9.862474213497315e-06,12,2.977875860935709e-05,8.867410051209293e-06,5.894836123555765e-05,1.373391165344736e-05,4.542862156801483e-05,0.2
2020,Justificação de Desfiliação Partidária,12,8.516533430232558e-06,7.276645862117794e-06,11,4.308713020383141e-05,4.433705025604646e-06,0.00013746649254244277,9.599324207575787e-06,5.516632647432007e-05,0.2
2020,Simples,12,8.516533430232558e-06,1.013115371546632e-05,12,3.2574142490122014e-05,9.599324207575787e-06,0.00010007004903432403,1.47814322511104e-05,3.703355967844922e-05,0.2
2020,Contagem de Votos de Eleitores em Relação aos quais Houve Impugnação,11,7.806822311046512e-06,3.440363524815319e-06,10,2.365067633200242e-05,5.032206119162641e-06,4.692852785208128e-05,1.1450219642194864e-05,3.58806692127225e-05,0.2
2020,Obstamento do Transporte e Fornecimento de Alimentos a Eleitores pela Justiça Eleitoral,11,7.806822311046512e-06,9.99142944761517e-06,10,0.00010959385815546527,5.032206119162641e-06,0.00047154982709839675,1.3722391269215292e-05,8.987128993001185e-05,0.2
2020,Obtenção de Acesso a Sistema de Dados Eleitorais,11,7.806822311046512e-06,1.1566074906836722e-05,11,2.4842468525724728e-05,9.599324207575787e-06,3.7500937523438084e-05,1.4092199834145974e-05,3.595733694860889e-05,0.2
2020,Habeas Corpus - Liberatório,11,7.806822311046512e-06,9.460445778480124e-06,11,1.644485530426262e-05,9.599324207575787e-06,2.9474180617778827e-05,1.292841536412882e-05,1.8750468761719042e-05,0.2
2020,Garantia de Autoridade de Decisão do Tribunal,11,7.806822311046512e-06,1.0097530193115763e-05,8,2.7278694634392814e-05,5.032206119162641e-06,5.759594524545472e-05,1.893222264293828e-05,2.897626843615079e-05,0.1
2020,Aliciamento comercial de eleitores,11,7.806822311046512e-06,7.082868887884914e-06,10,2.603764678713803e-05,8.867410051209293e-06,4.508566275924256e-05,1.8750468761719042e-05,3.4806822137138876e-05,0.2
2020,Coação eleitoral,11,7.806822311046512e-06,1.0250232790108233e-05,11,4.398322340320776e-05,8.867410051209293e-06,9.017132551848512e-05,2.9349702572371818e-05,5.85580564235454e-05,0.2
2020,Inscrição fraudulenta,11,7.806822311046512e-06,1.4431524656124562e-05,8,0.0013684005535770933,1.292841536412882e-05,0.009259259259259259,3.1244536913905996e-05,9.859929936818635e-05,0.1
2020,Propaganda Política - Propaganda Eleitoral - Bem Tombado,11,7.806822311046512e-06,4.528577752585143e-06,9,4.757447938986541e-05,2.0128824476650564e-05,6.464207682064409e-05,3.904068067447607e-05,6.129730684647284e-05,0.2
2020,Conflito de Competência,10,7.097111191860465e-06,4.1905207681466924e-06,9,2.196845577283124e-05,5.032206119162641e-06,5.516632647432007e-05,9.416345668484163e-06,3.2299510328187515e-05,0.2
2020,Partido Político - Órgão de Direção Zonal,10,7.097111191860465e-06,5.496823876453941e-06,6,2.575281471110219e-05,5.032206119162641e-06,3.675659780930677e-05,2.0250923161999905e-05,3.611311900707197e-05,0.1
2020,Dano a Equipamento Eleitoral,10,7.097111191860465e-06,1.2409764922342461e-05,8,1.3859550171329656e-05,5.032206119162641e-06,1.9198648415151573e-05,1.088238211185964e-05,1.8496556596893928e-05,0.1
2020,Representação caluniosa,10,7.097111191860465e-06,9.159728930039636e-06,9,3.309013365088811e-05,4.433705025604646e-06,7.351319561861354e-05,1.646268262318323e-05,4.0907090093697923e-05,0.2
2020,Falsificação de documento particular,10,7.097111191860465e-06,1.0750367635138099e-05,8,6.603839175126269e-05,1.527487130920922e-05,0.00013539128080151638,2.9474180617778827e-05,0.00011250281257031426,0.1
2020,Quociente Eleitoral/Partidário,10,7.097111191860465e-06,3.952324416567473e-06,9,1.5938478210699063e-05,4.433705025604646e-06,3.786444528587656e-05,1.0748148214072826e-05,1.633914118888933e-05,0.2
2020,Publicação de pesquisa irregular,10,7.097111191860465e-06,7.517743281911403e-06,10,2.6855454471233395e-05,1.527487130920922e-05,3.7500937523438084e-05,1.803417073754851e-05,3.630076771700243e-05,0.2
2020,Estelionato,10,7.097111191860465e-06,6.855117606440154e-06,8,3.615925508333981e-05,1.1896972220569864e-05,0.00011264644037248422,1.3794554134912761e-05,3.850186425986168e-05,0.1
2020,Registro de Comitê Financeiro - Único,10,7.097111191860465e-06,7.560050411953124e-06,9,4.8701317374384396e-05,4.433705025604646e-06,0.00020100502512562814,1.1735921982337677e-05,4.5455138343435114e-05,0.2
2020,Desobediência,10,7.097111191860465e-06,5.0497328375663285e-06,9,3.529512465992643e-05,1.292841536412882e-05,8.842254185333648e-05,1.807693991514424e-05,4.029238356779023e-05,0.2
2020,Quebra do Sigilo Telefônico,9,6.387400072674419e-06,6.0161759373546344e-06,9,2.3126930047973553e-05,1.1896972220569864e-05,4.462094507161662e-05,1.4383928713526375e-05,2.845747283088609e-05,0.2
2020,Cumprimento Provisório de Sentença,9,6.387400072674419e-06,3.27144564865659e-06,9,7.902438880800777e-05,5.032206119162641e-06,0.00020100502512562814,1.8034070649197583e-05,0.00011602048015243034,0.2
2020,Alistamento Eleitoral - Fraude,9,6.387400072674419e-06,5.216100842173782e-06,9,1.6830928819301402e-05,8.867410051209293e-06,3.054974261841844e-05,9.71559621526316e-06,2.4964305168145298e-05,0.2
2020,Coligação Partidária - Majoritária,9,6.387400072674419e-06,7.50217082648738e-06,9,2.7946112169352657e-05,4.433705025604646e-06,6.873324627122139e-05,1.015353871418593e-05,4.1475054022559557e-05,0.2
2020,Votação de Eleitor na Seção Eleitoral na qual Não Está Inscrito ou Autorizado a Votar,9,6.387400072674419e-06,5.709023223784501e-06,8,2.5333935228816376e-05,4.433705025604646e-06,5.516632647432007e-05,1.1496413801227052e-05,3.621710748176376e-05,0.1
2020,Leve,9,6.387400072674419e-06,7.890129265690287e-06,7,3.093064476910735e-05,1.527487130920922e-05,5.516632647432007e-05,1.7734820102418585e-05,3.7500937523438084e-05,0.1
2020,Desatendimento à Requisição de Veículo ou Embarcação,9,6.387400072674419e-06,9.698134500534016e-06,9,3.3900563864252135e-05,9.599324207575787e-06,5.679666792881484e-05,1.7097288509043867e-05,4.496948333733607e-05,0.2
2020,Doação de Recursos Acima do Limite Legal - Pessoa Jurídica,8,5.677688953488372e-06,2.1207694386197897e-06,8,1.4087717588405386e-05,1.0064412238325282e-05,2.1088370817912464e-05,1.143883222500872e-05,1.524792901208857e-05,0.1
2020,Induzimento à Inscrição de Eleitor em Infração às Normas Legais,8,5.677688953488372e-06,1.108061819154287e-05,8,4.392246225049254e-05,5.032206119162641e-06,0.00013539128080151638,1.9760226922553512e-05,4.848177618462165e-05,0.1
2020,Exceção - De Impedimento,8,5.677688953488372e-06,3.3723849093522512e-06,7,1.3729942797232796e-05,5.032206119162641e-06,1.8439637845512713e-05,1.30215902923001e-05,1.6871276128729384e-05,0.1
2020,Tutela de Evidência,8,5.677688953488372e-06,5.186672720555731e-06,7,3.216055033755078e-05,8.867410051209293e-06,0.00010479983232026829,1.292841536412882e-05,1.893222264293828e-05,0.1
2020,Inelegibilidade - Parentesco,8,5.677688953488372e-06,1.1230703623903899e-05,7,2.858197947610922e-05,5.032206119162641e-06,7.351319561861354e-05,1.007175480826601e-05,4.131723810836865e-05,0.1
2020,Abolitio Criminis,8,5.677688953488372e-06,2.9266519587794807e-06,4,4.823361573921341e-05,2.897626843615079e-05,7.63743565460461e-05,3.5405677202158754e-05,5.661985752438304e-05,0.1
2020,Correição extraordinária,8,5.677688953488372e-06,1.6235492532809789e-06,4,5.0564778869806974e-05,3.786444528587656e-05,6.326511245373739e-05,4.421461207784177e-05,5.691494566177218e-05,0.1
2020,Certidão ou atestado ideologicamente falso,8,5.677688953488372e-06,3.470699300937603e-06,6,6.454202682617864e-05,4.433705025604646e-06,0.00015718327569946557,1.7097288509043867e-05,0.00011497639103155656,0.1
2020,Denunciação Caluniosa para Fins Eleitorais,8,5.677688953488372e-06,6.647956528371226e-06,8,1.7912829365097785e-05,9.599324207575787e-06,2.585683072825764e-05,1.2595756247146935e-05,2.257851399158937e-05,0.1
2020,"Destruição, Supressão ou Ocultação de Urna Contendo Votos ou Documentos Eleitorais",8,5.677688953488372e-06,6.883425785583391e-06,7,4.939731501473546e-05,1.292841536412882e-05,0.00013746649254244277,2.379394444113973e-05,3.786444528587656e-05,0.1
2020,Crimes contra a Organização Administrativa da Justiça Eleitoral,7,4.967977834302326e-06,4.931082376683267e-06,7,6.568564934765149e-05,9.599324207575787e-06,0.00015010507355148604,3.6214078121325865e-05,8.09906710420977e-05,0.1
2020,Propaganda Política - Propaganda Eleitoral - Carreata/Caminhada/Passeata,7,4.967977834302326e-06,4.695463275683415e-06,5,3.165127931891984e-05,1.8439637845512713e-05,5.221023320570832e-05,1.900889577274186e-05,4.062000665840716e-05,0.1
2020,Crimes do Sistema Nacional de Armas,7,4.967977834302326e-06,8.061985613754069e-06,6,7.459959150975349e-05,3.2976092333058534e-05,0.00015718327569946557,3.7500937523438084e-05,9.017132551848512e-05,0.1
2020,Coligação Partidária - Majoritária e Proporcional,7,4.967977834302326e-06,3.972583309776368e-06,6,2.555372771100653e-05,9.599324207575787e-06,5.0035024517162014e-05,1.7662467762805257e-05,3.283954106145819e-05,0.1
2020,Concurso Público,7,4.967977834302326e-06,2.654820000892423e-06,7,1.394949073305988e-05,4.433705025604646e-06,3.8785246092386455e-05,5.032206119162641e-06,1.1896972220569864e-05,0.1
2020,Peculato,7,4.967977834302326e-06,2.848901397102417e-06,6,0.00011020534595458751,1.1896972220569864e-05,0.00031436655139893113,3.734270350086321e-05,0.00013014157255314884,0.1
2020,Majoração de Preços de Utilidade e Serviços Necessários à Realização das Eleições,7,4.967977834302326e-06,1.4200789108812642e-06,3,3.845561610404734e-05,9.599324207575787e-06,8.70170553428472e-05,1.4174896484647415e-05,5.288376205228312e-05,0.1
2020,Direitos Políticos - Perda dos Direitos Políticos,7,4.967977834302326e-06,4.031159074519441e-06,6,2.6744739772234265e-05,4.433705025604646e-06,6.986655488017886e-05,6.748397644514447e-06,4.0774014023013036e-05,0.1
2020,Exceção - De Coisa Julgada,6,4.258266715116279e-06,3.5235828828069183e-06,5,3.694133185536056e-05,5.032206119162641e-06,6.873324627122139e-05,2.897626843615079e-05,4.508566275924256e-05,0.1
2020,Cargos,6,4.258266715116279e-06,7.351993144096995e-06,5,2.8998605841911926e-05,1.0544185408956232e-05,5.679666792881484e-05,1.1558775517666456e-05,4.176661533918379e-05,0.1
2020,Coleta de Assinatura em Mais de Uma Ficha de Registro Partidário,6,4.258266715116279e-06,4.758719403681907e-06,6,2.2441193409580856e-05,8.867410051209293e-06,4.508566275924256e-05,9.599324207575787e-06,3.675659780930677e-05,0.1
2020,Uso de documento falso,6,4.258266715116279e-06,2.9844664301976356e-06,4,4.069562739458673e-05,1.8750468761719042e-05,6.873324627122139e-05,2.679325265376388e-05,5.155177201352609e-05,0.1
2020,Exercício arbitrário ou abuso de poder,6,4.258266715116279e-06,2.9881088924190144e-06,6,3.244584670120043e-05,8.867410051209293e-06,5.795253687230158e-05,1.1913164035898938e-05,5.2014402605946906e-05,0.1
2020,Inelegibilidade - Reeleição,6,4.258266715116279e-06,3.70863954666797e-06,6,1.3506531481838776e-05,4.433705025604646e-06,2.1088370817912464e-05,8.656735435145123e-06,1.910182108861265e-05,0.1
2020,Corrupção ativa,6,4.258266715116279e-06,4.470007564723448e-06,6,6.798345956135111e-05,1.527487130920922e-05,0.00013746649254244277,2.231047253580831e-05,0.00013539128080151638,0.1
2020,Autuação e Processamento,6,4.258266715116279e-06,2.730496366682407e-06,3,3.5456154935833424e-05,1.9198648415151573e-05,5.171366145651528e-05,2.73274016754925e-05,4.358490819617435e-05,0.1
2020,Intimação / Notificação,6,4.258266715116279e-06,3.1694625021310902e-06,5,0.00013386283521484986,0.00013386283521484986,0.00013386283521484986,0.00013386283521484986,0.00013386283521484986,0.1
2020,Inelegibilidade - Vida Pregressa,5,3.5485555959302325e-06,2.3679001674322173e-06,4,6.497938928628936e-05,1.7403411068569438e-05,0.00020100502512562814,1.874983907850604e-05,6.698411068326328e-05,0.1
2020,Retenção de Título Eleitoral ou do Comprovante de Alistamento Eleitoral,5,3.5485555959302325e-06,6.3298000218829056e-06,4,3.682549639959761e-05,2.897626843615079e-05,4.462094507161662e-05,3.292777206358811e-05,4.075011038132102e-05,0.1
2020,Registro de Candidatura - Substituição de Candidato - Por Cassação de Registro,5,3.5485555959302325e-06,3.6777871945093286e-06,4,2.0866341106007555e-05,4.433705025604646e-06,5.0035024517162014e-05,8.656735435145123e-06,2.6707923111494213e-05,0.1
2020,Prestação de Contas,5,3.5485555959302325e-06,2.133101702015902e-06,4,1.3747431608447628e-05,8.867410051209293e-06,2.231047253580831e-05,9.465911144767287e-06,1.6187442387066794e-05,0.1
2020,Perda de Bens e Valores,5,3.5485555959302325e-06,2.0352353071950855e-06,3,0.00014618052223413166,0.00010007004903432403,0.00020100502512562814,0.0001187682707883834,0.00016923575883403546,0.1
2020,Quebra do Sigilo Fiscal,5,3.5485555959302325e-06,3.5610137746063046e-06,2,4.1271029819203284e-05,1.292841536412882e-05,6.961364427427775e-05,2.7099722591666054e-05,5.544233704674052e-05,0.0
2020,Furto,5,3.5485555959302325e-06,3.0327181221130616e-06,5,3.802526737087091e-05,4.433705025604646e-06,7.509762691498949e-05,1.416098455782824e-05,6.0149151584487424e-05,0.1
2020,"Violência Política de Gênero (art, 326-B do Código Eleitoral)",5,3.5485555959302325e-06,1.1789445780533724e-06,4,3.422484815712854e-05,1.292841536412882e-05,6.595218466611707e-05,1.8361179902634276e-05,4.4873064553628395e-05,0.1
2020,Inelegibilidade - Inalistável,5,3.5485555959302325e-06,1.7271869975735638e-06,3,1.593583393791847e-05,5.032206119162641e-06,2.9474180617778827e-05,9.16666059798829e-06,2.138764784729638e-05,0.1
2020,Apropriação indébita,5,3.5485555959302325e-06,5.652026578007892e-06,2,6.0965201449478724e-05,4.692852785208128e-05,7.500187504687617e-05,5.394686465078e-05,6.798353824817745e-05,0.0
2020,Indisponibilidade / Seqüestro de Bens,5,3.5485555959302325e-06,1.7936836535383891e-06,3,2.2127786443149007e-05,1.5096618357487922e-05,2.897626843615079e-05,1.8703545446648115e-05,2.564337048597955e-05,0.1
2020,Crimes relacionados à Comissão Parlamentar de Inquérito,4,2.838844476744186e-06,8.385541251271932e-07,3,3.2092011779574634e-05,2.379394444113973e-05,3.7548813457494744e-05,2.936361094061458e-05,3.624104544879209e-05,0.1
2020,Falso testemunho ou falsa perícia,4,2.838844476744186e-06,3.1107031622980666e-06,4,2.9137575958870748e-05,9.599324207575787e-06,5.516632647432007e-05,1.913268545375018e-05,3.5897217081914136e-05,0.1
2020,Cargo - Senador,4,2.838844476744186e-06,4.824627151459697e-07,3,5.171366145651528e-05,5.171366145651528e-05,5.171366145651528e-05,5.171366145651528e-05,5.171366145651528e-05,0.1
2020,Provocação de tumulto ou conduta inconveniente,4,2.838844476744186e-06,2.0017924039428037e-06,4,1.6295258692648116e-05,8.867410051209293e-06,2.9474180617778827e-05,9.705797730082762e-06,2.000918301336753e-05,0.1
2020,Comunicação falsa de crime ou de contravenção,4,2.838844476744186e-06,5.527038837958995e-06,4,1.815023317866371e-05,9.599324207575787e-06,2.897626843615079e-05,1.3855984533800862e-05,2.130691868032698e-05,0.1
2020,Suspensão condicional da pena,4,2.838844476744186e-06,3.1891742024137626e-06,4,2.741107956788683e-05,5.032206119162641e-06,5.516632647432007e-05,1.018078069521806e-05,4.1953191711701076e-05,0.1
2020,"Recusa ou omissão de dados cadastrais, registros, documentos e informações",4,2.838844476744186e-06,2.250047850403772e-06,3,9.820742688900021e-05,5.894836123555765e-05,0.00013746649254244277,7.857789406227894e-05,0.00011783695971572149,0.1
2020,Emprego irregular de verbas ou rendas públicas,4,2.838844476744186e-06,2.326143027622633e-06,3,1.5406097356204585e-05,1.0064412238325282e-05,1.8750468761719042e-05,1.373391165344736e-05,1.807693991514424e-05,0.1
2020,Associação Criminosa,4,2.838844476744186e-06,3.8595531849473136e-07,3,4.2094202235655604e-05,1.292841536412882e-05,6.873324627122139e-05,2.8774680217872716e-05,5.6677095671419e-05,0.1
2020,"Promoção, constituição, financiamento ou integração de Organização Criminosa",3,2.1291333575581395e-06,8.163513773042164e-07,2,6.693141760742493e-05,6.693141760742493e-05,6.693141760742493e-05,6.693141760742493e-05,6.693141760742493e-05,0.0
2020,Violência contra a Mulher Candidata ou no Exercício do Mandato Eletivo,3,2.1291333575581395e-06,6.730925833667468e-07,3,1.3730542130415047e-05,1.0544185408956232e-05,1.8750468761719042e-05,1.1220578814763047e-05,1.5323720491144453e-05,0.1
2020,Registro de Candidatura - Substituição de Candidato - Por Falecimento,3,2.1291333575581395e-06,1.574579298353276e-06,3,3.60845667054428e-05,1.0544185408956232e-05,6.873324627122139e-05,1.9760226922553512e-05,4.885475735368609e-05,0.1
2020,Prisão Temporária,3,2.1291333575581395e-06,1.521457624501088e-06,2,1.1496413801227052e-05,1.0064412238325282e-05,1.292841536412882e-05,1.0780413019776166e-05,1.2212414582677935e-05,0.0
2020,Requisição de Servidor,3,2.1291333575581395e-06,2.9216371746691425e-06,3,2.0990746497725977e-05,9.599324207575787e-06,3.493327744008943e-05,1.4019481026544249e-05,2.668645764280107e-05,0.1
2020,Registro de Candidatura - Substituição de Candidato - Por Expulsão Partidária,3,2.1291333575581395e-06,1.7677986707997603e-06,3,2.842463747236638e-05,1.292841536412882e-05,5.0035024517162014e-05,1.7619443949968566e-05,3.617274852648516e-05,0.1
2020,Órgão de Direção Partidária,3,2.1291333575581395e-06,3.017906749699341e-06,3,9.705797730082762e-06,8.867410051209293e-06,1.0544185408956232e-05,9.286603890646028e-06,1.0124991569519496e-05,0.1
2020,Exceção - De Ilegitimidade de Parte,3,2.1291333575581395e-06,9.490377086508735e-07,2,5.149368811819618e-05,2.9474180617778827e-05,7.351319561861354e-05,4.048393436798751e-05,6.250344186840486e-05,0.0
2020,Busca e Apreensão,3,2.1291333575581395e-06,6.796792351136208e-07,2,4.239648656897892e-05,3.786444528587656e-05,4.692852785208128e-05,4.013046592742774e-05,4.46625072105301e-05,0.0
2020,Incitação ao Crime,3,2.1291333575581395e-06,1.575884239635955e-06,3,1.998025719887682e-05,4.433705025604646e-06,3.675659780930677e-05,1.1592086893661844e-05,2.7753533285512907e-05,0.1
2020,Exceção - De Incompetência,3,2.1291333575581395e-06,2.4933608265194316e-06,3,1.2880266325917381e-05,4.433705025604646e-06,1.893222264293828e-05,9.854288167406933e-06,1.710354697607375e-05,0.1
2020,Intervenção Indevida de Autoridade Junto à Mesa Receptora,3,2.1291333575581395e-06,2.292414095774869e-06,3,2.0010296730425373e-05,1.893222264293828e-05,2.1088370817912464e-05,1.9471259686681827e-05,2.0549333774168917e-05,0.1
2020,Invasão de Dispositivo Informático,3,2.1291333575581395e-06,2.084912223123308e-06,3,0.0030929892785313572,4.433705025604646e-06,0.009259259259259259,9.854288167406933e-06,0.004637267065284234,0.1
2020,Jogo do bicho,3,2.1291333575581395e-06,1.160983523321837e-07,1,6.693141760742493e-05,6.693141760742493e-05,6.693141760742493e-05,6.693141760742493e-05,6.693141760742493e-05,0.0
2020,Comunicação de Prisão - BNMP,3,2.1291333575581395e-06,2.6743790664888844e-06,2,9.23336712939254e-06,8.867410051209293e-06,9.599324207575787e-06,9.050388590300916e-06,9.416345668484163e-06,0.0
2020,Difusão de doença ou praga,3,2.1291333575581395e-06,4.970633554951787e-06,3,4.9421411658164825e-05,2.897626843615079e-05,6.986655488017886e-05,3.919884004715781e-05,5.964398326917184e-05,0.1
2020,Falsificação de documento público,3,2.1291333575581395e-06,1.6357736860588386e-06,3,2.5540772760949786e-05,9.599324207575787e-06,3.7548813457494744e-05,1.9536752412677306e-05,3.351149703763678e-05,0.1
2020,Abandono de função,3,2.1291333575581395e-06,2.374186916792263e-06,2,5.501545217753946e-05,3.493327744008943e-05,7.509762691498949e-05,4.4974364808814444e-05,6.505653954626447e-05,0.0
2020,Omissão da Entrega do Boletim de Urna,3,2.1291333575581395e-06,3.3947460113908e-06,3,4.7601765818823884e-05,5.032206119162641e-06,9.017132551848512e-05,2.631698596899326e-05,6.88865456686545e-05,0.1
2020,Desobediência a decisão judicial sobre perda ou suspensão de direitos,3,2.1291333575581395e-06,2.682231567939499e-06,3,6.157370892577183e-05,3.2976092333058534e-05,9.017132551848512e-05,4.7274900629415184e-05,7.587251722212847e-05,0.1
2020,Impugnação - Sistema Eletrônico de Votação,3,2.1291333575581395e-06,1.291837781346121e-06,1,0.0001352569882777277,0.0001352569882777277,0.0001352569882777277,0.0001352569882777277,0.0001352569882777277,0.0
2020,Alvará de Soltura,3,2.1291333575581395e-06,1.5667934610896689e-06,3,3.7524875490466414e-05,3.7500937523438084e-05,3.7548813457494744e-05,3.751290650695225e-05,3.753684447398058e-05,0.1
2020,Corrupção Praticada por Prefeitos e Vereadores,3,2.1291333575581395e-06,2.193735285680176e-06,3,1.0535182851794578e-05,4.433705025604646e-06,1.527487130920922e-05,8.165338623087255e-06,1.3585921764889543e-05,0.1
2020,Fato Atípico,3,2.1291333575581395e-06,2.16752785577077e-06,2,4.430851182094895e-05,1.8750468761719042e-05,6.986655488017886e-05,3.1529490291334e-05,5.70875333505639e-05,0.0
2020,Crimes de Trânsito,3,2.1291333575581395e-06,1.2435192515878022e-06,2,4.582461392762766e-05,4.582461392762766e-05,4.582461392762766e-05,4.582461392762766e-05,4.582461392762766e-05,0.0
2020,Peculato mediante erro de outrem,3,2.1291333575581395e-06,2.7209508417677e-07,3,1.5145267876931142e-05,4.433705025604646e-06,2.585683072825764e-05,9.789486451267895e-06,2.050104930259439e-05,0.1
2020,Pena Restritiva de Direitos,3,2.1291333575581395e-06,2.163725648337802e-06,2,6.693141760742493e-05,6.693141760742493e-05,6.693141760742493e-05,6.693141760742493e-05,6.693141760742493e-05,0.0
2020,Crimes de Abuso de Autoridade,3,2.1291333575581395e-06,2.631706075171398e-06,3,2.898824885286847e-05,1.527487130920922e-05,3.675659780930677e-05,2.5104074374649325e-05,3.58449376246981e-05,0.1
2020,"Crimes de ""Lavagem"" ou Ocultação de Bens, Direitos ou Valores",3,2.1291333575581395e-06,1.633188080491789e-07,3,2.559306735952499e-05,4.433705025604646e-06,5.0035024517162014e-05,1.3372088780706477e-05,3.617274852648516e-05,0.1
2020,Perturbação ou Impedimento de Alistamento,3,2.1291333575581395e-06,1.033972993258896e-06,3,2.1762714886606946e-05,9.599324207575787e-06,3.675659780930677e-05,1.4265773425257032e-05,2.7844410226122524e-05,0.1
2020,Preconceituosa,3,2.1291333575581395e-06,8.773506158154351e-07,3,1.2071140680209256e-05,8.867410051209293e-06,1.527487130920922e-05,1.0469275365709275e-05,1.3673005994709238e-05,0.1
2020,Fraude processual,3,2.1291333575581395e-06,1.4430223319799163e-06,3,2.849647004520328e-05,1.0064412238325282e-05,4.692852785208128e-05,1.9280441141764284e-05,3.7712498948642284e-05,0.1
2020,Falsidade ideológica praticada por Funcionário Público,3,2.1291333575581395e-06,4.413631407617437e-06,3,2.43138586307702e-05,5.032206119162641e-06,3.493327744008943e-05,1.9004149226110587e-05,3.395468488657398e-05,0.1
2020,Quebra do Sigilo Bancário,2,1.419422238372093e-06,3.8798658334503544e-07,2,8.98031074164573e-06,5.032206119162641e-06,1.292841536412882e-05,7.006258430404186e-06,1.0954363052887274e-05,0.0
2020,Quadrilha ou Bando,2,1.419422238372093e-06,3.3252861408724218e-06,1,0.018518518518518517,0.018518518518518517,0.018518518518518517,0.018518518518518517,0.018518518518518517,0.0
2020,Fonte Vedada,2,1.419422238372093e-06,1.8156894747816815e-07,2,2.585683072825764e-05,2.585683072825764e-05,2.585683072825764e-05,2.585683072825764e-05,2.585683072825764e-05,0.0
2020,Realização de Propaganda Eleitoral em Língua Estrangeira,2,1.419422238372093e-06,2.127056384125337e-06,2,1.1891337440440841e-05,5.032206119162641e-06,1.8750468761719042e-05,8.461771779801742e-06,1.532090310107994e-05,0.0
2020,Falsidade material de atestado ou certidão,2,1.419422238372093e-06,2.482144529565052e-07,2,2.0530470648763677e-05,1.8750468761719042e-05,2.231047253580831e-05,1.9640469705241358e-05,2.1420471592285993e-05,0.0
2020,Estelionato Majorado,2,1.419422238372093e-06,1.7172326646813026e-06,2,3.19180657604808e-05,1.8750468761719042e-05,4.508566275924256e-05,2.533426726109992e-05,3.850186425986168e-05,0.0
2020,Transgressões Eleitorais,2,1.419422238372093e-06,3.903596774067626e-07,1,8.867410051209293e-06,8.867410051209293e-06,8.867410051209293e-06,8.867410051209293e-06,8.867410051209293e-06,0.0
2020,Constrangimento ilegal,2,1.419422238372093e-06,1.6134025615939943e-06,2,1.642732897238227e-05,1.0544185408956232e-05,2.231047253580831e-05,1.348575719066925e-05,1.936890075409529e-05,0.0
2020,Falsa identidade,2,1.419422238372093e-06,1.489782778571434e-06,2,3.4392746639440526e-05,1.8750468761719042e-05,5.0035024517162014e-05,2.6571607700579786e-05,4.221388557830127e-05,0.0
2020,"Fabricação, Aquisição, Fornecimento, Subtração ou Guarda de Materiais de Uso da Justiça Eleitoral",2,1.419422238372093e-06,1.121527735664922e-06,2,2.7533615318162327e-05,5.032206119162641e-06,5.0035024517162014e-05,1.6282910718662485e-05,3.878431991766217e-05,0.0
2020,Registro de Candidatura - Substituição de Candidato - Por Ineligibilidade,2,1.419422238372093e-06,6.37758090045462e-07,2,2.4759683892423603e-05,4.433705025604646e-06,4.508566275924256e-05,1.4596694459014126e-05,3.492267332583308e-05,0.0
2020,Destruição de Dados Eleitorais,2,1.419422238372093e-06,1.3707286382222197e-06,1,1.0064412238325282e-05,1.0064412238325282e-05,1.0064412238325282e-05,1.0064412238325282e-05,1.0064412238325282e-05,0.0
2020,Descumprimento de determinação de sigilo,2,1.419422238372093e-06,6.234911514135791e-07,1,0.00013746649254244277,0.00013746649254244277,0.00013746649254244277,0.00013746649254244277,0.00013746649254244277,0.0
2020,Dano,2,1.419422238372093e-06,2.017589343900121e-06,1,6.595218466611707e-05,6.595218466611707e-05,6.595218466611707e-05,6.595218466611707e-05,6.595218466611707e-05,0.0
2020,Crimes de Responsabilidade,2,1.419422238372093e-06,1.0784711808234882e-06,1,3.7500937523438084e-05,3.7500937523438084e-05,3.7500937523438084e-05,3.7500937523438084e-05,3.7500937523438084e-05,0.0
2020,Revisão de Eleitorado - Depuração de Cadastro,2,1.419422238372093e-06,3.1380104104112008e-06,2,3.110169958064525e-05,1.527487130920922e-05,4.692852785208128e-05,2.3188285444927236e-05,3.901511371636326e-05,0.0
2020,Crimes contra o Serviço da Justiça Eleitoral,2,1.419422238372093e-06,3.1143977889833003e-07,2,1.1263869785852304e-05,9.599324207575787e-06,1.292841536412882e-05,1.0431596996714044e-05,1.2096142574990562e-05,0.0
2020,Requisição de Servidor - Renovação de Requisição de Servidor,2,1.419422238372093e-06,7.015125153639397e-07,2,8.681060194866732e-06,4.433705025604646e-06,1.292841536412882e-05,6.55738261023569e-06,1.0804737779497777e-05,0.0
2020,Concussão,2,1.419422238372093e-06,1.603262960777775e-06,1,5.894836123555765e-05,5.894836123555765e-05,5.894836123555765e-05,5.894836123555765e-05,5.894836123555765e-05,0.0
2020,Homicídio Simples,2,1.419422238372093e-06,3.009665761399785e-06,2,4.0921130284274664e-05,3.675659780930677e-05,4.508566275924256e-05,3.8838864046790717e-05,4.300339652175861e-05,0.0
2020,Inelegibilidade - Declaração de Indignidade ou de Incompatibilidade com o Oficialato,2,1.419422238372093e-06,1.3713163747402543e-06,2,3.0289604963059124e-05,1.0544185408956232e-05,5.0035024517162014e-05,2.0416895186007677e-05,4.016231474011057e-05,0.0
2020,Cargo - Deputado Distrital,2,1.419422238372093e-06,1.4720704954771795e-06,2,1.5954898371692047e-05,9.599324207575787e-06,2.231047253580831e-05,1.2777111289633918e-05,1.913268545375018e-05,0.0
2020,Não Observância de Chamamento de Eleitores para Votar,2,1.419422238372093e-06,5.9119285113744e-07,2,8.165338623087255e-06,4.433705025604646e-06,1.1896972220569864e-05,6.299521824345951e-06,1.003115542182856e-05,0.0
2020,Violência Política,2,1.419422238372093e-06,1.266525894404148e-06,2,3.285525594163815e-05,1.0544185408956232e-05,5.516632647432007e-05,2.1699720675297193e-05,4.401079120797911e-05,0.0
2020,Anistia,2,1.419422238372093e-06,4.6761836356018433e-07,1,1.0064412238325282e-05,1.0064412238325282e-05,1.0064412238325282e-05,1.0064412238325282e-05,1.0064412238325282e-05,0.0
2020,Inserção de dados falsos em sistema de informações,2,1.419422238372093e-06,1.2367865712363212e-06,2,2.36503916091315e-05,1.0544185408956232e-05,3.675659780930677e-05,1.7097288509043867e-05,3.0203494709219135e-05,0.0
2020,Partido Político - Órgão de Direção Nacional,2,1.419422238372093e-06,7.058196251322876e-07,2,1.0064412238325282e-05,1.0064412238325282e-05,1.0064412238325282e-05,1.0064412238325282e-05,1.0064412238325282e-05,0.0
2020,Afastamento de Magistrado,2,1.419422238372093e-06,1.9017058495805643e-06,2,2.98171743623689e-05,9.599324207575787e-06,5.0035024517162014e-05,1.9708249284972346e-05,3.992609943976546e-05,0.0
2020,Advocacia administrativa,2,1.419422238372093e-06,1.0470288723446694e-06,1,8.867410051209293e-06,8.867410051209293e-06,8.867410051209293e-06,8.867410051209293e-06,8.867410051209293e-06,0.0
2020,Não-Apresentação de Denúncia ou Não Execução de Sentença Penal Condenatória no Prazo Legal,2,1.419422238372093e-06,8.376657611643388e-07,2,7.016514616590217e-06,4.433705025604646e-06,9.599324207575787e-06,5.725109821097431e-06,8.307919412083002e-06,0.0
2020,Aplicação da Pena,2,1.419422238372093e-06,1.3791711105967926e-06,2,8.805774917120192e-05,1.893222264293828e-05,0.00015718327569946557,5.34949859070701e-05,0.00012262051243533374,0.0
2020,Incorporação de Partidos Políticos,2,1.419422238372093e-06,1.3142662841031088e-06,2,1.9982741779626035e-05,5.032206119162641e-06,3.493327744008943e-05,1.2507473949394339e-05,2.745800960985773e-05,0.0
2020,Cargo - Deputado Estadual,2,1.419422238372093e-06,2.382882346271402e-07,2,2.585683072825764e-05,2.585683072825764e-05,2.585683072825764e-05,2.585683072825764e-05,2.585683072825764e-05,0.0
2020,Perturbação da tranquilidade,2,1.419422238372093e-06,2.0023658131936098e-06,2,2.3415124830329645e-05,1.1896972220569864e-05,3.493327744008943e-05,1.7656048525449756e-05,2.9174201135209537e-05,0.0
2020,Perturbação do trabalho ou do sossego alheios,2,1.419422238372093e-06,9.352367271203687e-07,1,6.986655488017886e-05,6.986655488017886e-05,6.986655488017886e-05,6.986655488017886e-05,6.986655488017886e-05,0.0
2020,Impugnação,2,1.419422238372093e-06,3.645561255558266e-06,2,6.986655488017886e-05,6.986655488017886e-05,6.986655488017886e-05,6.986655488017886e-05,6.986655488017886e-05,0.0
2020,Abandono de incapaz,1,7.097111191860465e-07,2.244568145088885e-06,1,3.493327744008943e-05,3.493327744008943e-05,3.493327744008943e-05,3.493327744008943e-05,3.493327744008943e-05,0.0
2020,Sigilo Telefônico,1,7.097111191860465e-07,7.453941536202191e-08,1,1.1896972220569864e-05,1.1896972220569864e-05,1.1896972220569864e-05,1.1896972220569864e-05,1.1896972220569864e-05,0.0
2020,Violência ou fraude em arrematação judicial,1,7.097111191860465e-07,1.2299003534733616e-06,1,0.00020100502512562814,0.00020100502512562814,0.00020100502512562814,0.00020100502512562814,0.00020100502512562814,0.0
2020,Crime de Quebra de Sigilo Financeiro,1,7.097111191860465e-07,3.869945077739457e-08,1,2.231047253580831e-05,2.231047253580831e-05,2.231047253580831e-05,2.231047253580831e-05,2.231047253580831e-05,0.0
2020,Aliciamento violento de eleitores,1,7.097111191860465e-07,1.8248521504787684e-07,1,4.508566275924256e-05,4.508566275924256e-05,4.508566275924256e-05,4.508566275924256e-05,4.508566275924256e-05,0.0
2020,"\""Lavagem\"" ou Ocultação de Bens, Direitos ou Valores Oriundos de Corrupção",1,7.097111191860465e-07,7.641083047111097e-07,1,3.2976092333058534e-05,3.2976092333058534e-05,3.2976092333058534e-05,3.2976092333058534e-05,3.2976092333058534e-05,0.0
2020,Substituição da Pena,1,7.097111191860465e-07,4.059811250443382e-08,1,5.032206119162641e-06,5.032206119162641e-06,5.032206119162641e-06,5.032206119162641e-06,5.032206119162641e-06,0.0
2020,Revisão de Eleitorado - Cadastramento Biométrico,1,7.097111191860465e-07,3.591309032142216e-06,1,3.493327744008943e-05,3.493327744008943e-05,3.493327744008943e-05,3.493327744008943e-05,3.493327744008943e-05,0.0
2020,Retenção de Título ou Comprovante de Alistamento Eleitoral,1,7.097111191860465e-07,6.234911514135791e-07,1,1.292841536412882e-05,1.292841536412882e-05,1.292841536412882e-05,1.292841536412882e-05,1.292841536412882e-05,0.0
2020,Cor,1,7.097111191860465e-07,3.479950612540907e-07,1,5.032206119162641e-06,5.032206119162641e-06,5.032206119162641e-06,5.032206119162641e-06,5.032206119162641e-06,0.0
2020,Subtração ou inutilização de livro ou documento,1,7.097111191860465e-07,9.551353808888872e-07,1,3.493327744008943e-05,3.493327744008943e-05,3.493327744008943e-05,3.493327744008943e-05,3.493327744008943e-05,0.0
2020,Assegurar Conhecimento de Informações Relativas à Pessoa do Impetrante,1,7.097111191860465e-07,1.2149218647301136e-07,1,1.8750468761719042e-05,1.8750468761719042e-05,1.8750468761719042e-05,1.8750468761719042e-05,1.8750468761719042e-05,0.0
2020,Condição de Elegibilidade - Idade Mínima,1,7.097111191860465e-07,6.459188906730605e-07,1,5.032206119162641e-06,5.032206119162641e-06,5.032206119162641e-06,5.032206119162641e-06,5.032206119162641e-06,0.0
2020,Cautelar Inominada,1,7.097111191860465e-07,2.863882800751368e-07,1,4.433705025604646e-06,4.433705025604646e-06,4.433705025604646e-06,4.433705025604646e-06,4.433705025604646e-06,0.0
2020,Uso ilegítimo de uniforme ou distintivo,1,7.097111191860465e-07,2.1582386010470048e-07,1,1.8750468761719042e-05,1.8750468761719042e-05,1.8750468761719042e-05,1.8750468761719042e-05,1.8750468761719042e-05,0.0
2020,Cargo - Vice-Presidente da República,1,7.097111191860465e-07,9.706240627411395e-07,1,1.1896972220569864e-05,1.1896972220569864e-05,1.1896972220569864e-05,1.1896972220569864e-05,1.1896972220569864e-05,0.0
2020,Condição de Pessoa Idosa,1,7.097111191860465e-07,1.06884197385185e-06,1,2.897626843615079e-05,2.897626843615079e-05,2.897626843615079e-05,2.897626843615079e-05,2.897626843615079e-05,0.0
2020,Tráfico de influência,1,7.097111191860465e-07,2.0952794819966252e-07,1,4.433705025604646e-06,4.433705025604646e-06,4.433705025604646e-06,4.433705025604646e-06,4.433705025604646e-06,0.0
2020,Arremesso de projétil,1,7.097111191860465e-07,4.6160784474835676e-07,1,3.7548813457494744e-05,3.7548813457494744e-05,3.7548813457494744e-05,3.7548813457494744e-05,3.7548813457494744e-05,0.0
2020,Supressão de documento,1,7.097111191860465e-07,2.7456491071423667e-07,1,5.0035024517162014e-05,5.0035024517162014e-05,5.0035024517162014e-05,5.0035024517162014e-05,5.0035024517162014e-05,0.0
2020,Violação de correspondência,1,7.097111191860465e-07,3.3191395860833787e-07,1,4.433705025604646e-06,4.433705025604646e-06,4.433705025604646e-06,4.433705025604646e-06,4.433705025604646e-06,0.0
2020,Violação de domicílio,1,7.097111191860465e-07,2.163439175989287e-06,1,1.527487130920922e-05,1.527487130920922e-05,1.527487130920922e-05,1.527487130920922e-05,1.527487130920922e-05,0.0
2020,Contas - Aprovação,1,7.097111191860465e-07,6.8799023604257e-07,1,5.032206119162641e-06,5.032206119162641e-06,5.032206119162641e-06,5.032206119162641e-06,5.032206119162641e-06,0.0
2020,Apropriação indébita Previdenciária,1,7.097111191860465e-07,4.4337148544965625e-07,1,3.7548813457494744e-05,3.7548813457494744e-05,3.7548813457494744e-05,3.7548813457494744e-05,3.7548813457494744e-05,0.0
2020,Contra a Mulher,1,7.097111191860465e-07,5.559301907340891e-07,1,1.7403411068569438e-05,1.7403411068569438e-05,1.7403411068569438e-05,1.7403411068569438e-05,1.7403411068569438e-05,0.0
2020,Coação no curso do processo,1,7.097111191860465e-07,1.2469823028271582e-06,1,1.8750468761719042e-05,1.8750468761719042e-05,1.8750468761719042e-05,1.8750468761719042e-05,1.8750468761719042e-05,0.0
2020,Crimes contra a Ordem Tributária,1,7.097111191860465e-07,1.8323005266031711e-06,1,1.8750468761719042e-05,1.8750468761719042e-05,1.8750468761719042e-05,1.8750468761719042e-05,1.8750468761719042e-05,0.0
2020,Prisão Preventiva,1,7.097111191860465e-07,4.688392992352762e-07,1,1.8439637845512713e-05,1.8439637845512713e-05,1.8439637845512713e-05,1.8439637845512713e-05,1.8439637845512713e-05,0.0
2020,"Crimes contra a Segurança Nacional, a Ordem Política e Social",1,7.097111191860465e-07,4.946706655843273e-07,1,1.7403411068569438e-05,1.7403411068569438e-05,1.7403411068569438e-05,1.7403411068569438e-05,1.7403411068569438e-05,0.0
2020,Obtenção de documento falso,1,7.097111191860465e-07,1.264545433852893e-06,1,2.9474180617778827e-05,2.9474180617778827e-05,2.9474180617778827e-05,2.9474180617778827e-05,2.9474180617778827e-05,0.0
2020,Imputação falsa de prática de infração penal ou revelação inverídica sobre estrutura de organização criminal,1,7.097111191860465e-07,3.937838851033131e-07,1,3.7548813457494744e-05,3.7548813457494744e-05,3.7548813457494744e-05,3.7548813457494744e-05,3.7548813457494744e-05,0.0
2020,Inelegibilidade,1,7.097111191860465e-07,1.6940136944067055e-06,1,3.675659780930677e-05,3.675659780930677e-05,3.675659780930677e-05,3.675659780930677e-05,3.675659780930677e-05,0.0
2020,Inelegibilidade - Perda de Mandato,1,7.097111191860465e-07,1.043985183762272e-06,1,1.0544185408956232e-05,1.0544185408956232e-05,1.0544185408956232e-05,1.0544185408956232e-05,1.0544185408956232e-05,0.0
2020,Inelegibilidade - Renúncia a cargo político na pendência de representação ou petição que possa levar a outra causa de inelegibilidade,1,7.097111191860465e-07,3.388027388813411e-06,1,2.897626843615079e-05,2.897626843615079e-05,2.897626843615079e-05,2.897626843615079e-05,2.897626843615079e-05,0.0
2020,Inelegibilidade - Terceiro Mandato,1,7.097111191860465e-07,6.776054777626823e-07,1,4.508566275924256e-05,4.508566275924256e-05,4.508566275924256e-05,4.508566275924256e-05,4.508566275924256e-05,0.0
2020,Inelegibilidade - Vínculo Conjugal,1,7.097111191860465e-07,7.06950596878389e-07,1,0.00015718327569946557,0.00015718327569946557,0.00015718327569946557,0.00015718327569946557,0.00015718327569946557,0.0
2020,Inscrição Fraudulenta Efetivada pelo Juiz,1,7.097111191860465e-07,7.739890155478913e-07,1,1.0544185408956232e-05,1.0544185408956232e-05,1.0544185408956232e-05,1.0544185408956232e-05,1.0544185408956232e-05,0.0
2020,Negativa ou Retardamento de Inscrição sem Fundamento Legal,1,7.097111191860465e-07,2.7540713436673433e-07,1,1.8439637845512713e-05,1.8439637845512713e-05,1.8439637845512713e-05,1.8439637845512713e-05,1.8439637845512713e-05,0.0
2020,Omissão na Expedição de Boletim de Apuração,1,7.097111191860465e-07,1.4840119967529818e-06,1,3.675659780930677e-05,3.675659780930677e-05,3.675659780930677e-05,3.675659780930677e-05,3.675659780930677e-05,0.0
2020,Impugnação - Identidade de Eleitor Admitido a Votar,1,7.097111191860465e-07,4.306125937820402e-07,1,4.508566275924256e-05,4.508566275924256e-05,4.508566275924256e-05,4.508566275924256e-05,4.508566275924256e-05,0.0
2020,"Omissão no Recebimento e Registro de Protestos, bem como, de sua Remessa à Instância Superior",1,7.097111191860465e-07,4.0081574019444374e-07,1,4.692852785208128e-05,4.692852785208128e-05,4.692852785208128e-05,4.692852785208128e-05,4.692852785208128e-05,0.0
2020,"Omissão no Recolhimento das Cédulas Apuradas, no Fechamento e Lacração da Urna",1,7.097111191860465e-07,1.3021425062154516e-07,1,4.433705025604646e-06,4.433705025604646e-06,4.433705025604646e-06,4.433705025604646e-06,4.433705025604646e-06,0.0
2020,Outras fraudes,1,7.097111191860465e-07,9.232156894967135e-08,1,5.516632647432007e-05,5.516632647432007e-05,5.516632647432007e-05,5.516632647432007e-05,5.516632647432007e-05,0.0
2020,Patrocínio infiel,1,7.097111191860465e-07,1.6781817907206614e-06,1,3.493327744008943e-05,3.493327744008943e-05,3.493327744008943e-05,3.493327744008943e-05,3.493327744008943e-05,0.0
2020,Perigo de Contágio Venéreo,1,7.097111191860465e-07,2.163439175989287e-06,1,1.527487130920922e-05,1.527487130920922e-05,1.527487130920922e-05,1.527487130920922e-05,1.527487130920922e-05,0.0
2020,Perigo de contágio de moléstia grave,1,7.097111191860465e-07,1.4840119967529818e-06,1,4.433705025604646e-06,4.433705025604646e-06,4.433705025604646e-06,4.433705025604646e-06,4.433705025604646e-06,0.0
2020,Perseguição,1,7.097111191860465e-07,1.8569333154820145e-07,1,4.433705025604646e-06,4.433705025604646e-06,4.433705025604646e-06,4.433705025604646e-06,4.433705025604646e-06,0.0
2020,Prescrição,1,7.097111191860465e-07,2.6816823716713078e-08,1,4.433705025604646e-06,4.433705025604646e-06,4.433705025604646e-06,4.433705025604646e-06,4.433705025604646e-06,0.0
2020,Impugnação - Nomeação de Escrutinadores/Auxiliares Realizada pelo Presidente da Junta,1,7.097111191860465e-07,2.3472608053217095e-07,1,5.032206119162641e-06,5.032206119162641e-06,5.032206119162641e-06,5.032206119162641e-06,5.032206119162641e-06,0.0
2020,Impugnação - Alistamento Eleitoral,1,7.097111191860465e-07,2.04051649553535e-06,1,9.599324207575787e-06,9.599324207575787e-06,9.599324207575787e-06,9.599324207575787e-06,9.599324207575787e-06,0.0
2020,"Retardamento ou Não-Publicação de Decisões, Citações ou Intimações da Justiça Eleitoral",1,7.097111191860465e-07,1.7518580644596174e-07,1,1.527487130920922e-05,1.527487130920922e-05,1.527487130920922e-05,1.527487130920922e-05,1.527487130920922e-05,0.0
2020,Epidemia,1,7.097111191860465e-07,6.853643191111099e-07,1,5.516632647432007e-05,5.516632647432007e-05,5.516632647432007e-05,5.516632647432007e-05,5.516632647432007e-05,0.0
2020,Resistência,1,7.097111191860465e-07,8.016314803888875e-07,1,3.493327744008943e-05,3.493327744008943e-05,3.493327744008943e-05,3.493327744008943e-05,3.493327744008943e-05,0.0
2020,Crimes contra o Sistema Financeiro Nacional,1,7.097111191860465e-07,1.9308113076033418e-07,1,4.433705025604646e-06,4.433705025604646e-06,4.433705025604646e-06,4.433705025604646e-06,4.433705025604646e-06,0.0
2020,Requisição,1,7.097111191860465e-07,2.244568145088885e-06,1,1.8750468761719042e-05,1.8750468761719042e-05,1.8750468761719042e-05,1.8750468761719042e-05,1.8750468761719042e-05,0.0
2020,Crimes do Código Brasileiro de Telecomunicações,1,7.097111191860465e-07,7.641083047111097e-07,1,1.893222264293828e-05,1.893222264293828e-05,1.893222264293828e-05,1.893222264293828e-05,1.893222264293828e-05,0.0
2020,Regularização de Histórico - Exclusão de Códigos de ASE,1,7.097111191860465e-07,3.869945077739457e-08,1,2.231047253580831e-05,2.231047253580831e-05,2.231047253580831e-05,2.231047253580831e-05,2.231047253580831e-05,0.0
2020,"Descumprimento do Dever de Informar o Número, Espécie e Lotação de Veículos e Embarcações",1,7.097111191860465e-07,5.718644955640471e-07,1,1.7403411068569438e-05,1.7403411068569438e-05,1.7403411068569438e-05,1.7403411068569438e-05,1.7403411068569438e-05,0.0
2020,Destruição de Relação de Candidatos,1,7.097111191860465e-07,2.6023978493784175e-06,1,1.1896972220569864e-05,1.1896972220569864e-05,1.1896972220569864e-05,1.1896972220569864e-05,1.1896972220569864e-05,0.0
2020,Divulgação de segredo,1,7.097111191860465e-07,3.21801884600557e-07,1,1.8750468761719042e-05,1.8750468761719042e-05,1.8750468761719042e-05,1.8750468761719042e-05,1.8750468761719042e-05,0.0
2020,Prevaricação,1,7.097111191860465e-07,5.474556451436305e-07,1,3.7548813457494744e-05,3.7548813457494744e-05,3.7548813457494744e-05,3.7548813457494744e-05,3.7548813457494744e-05,0.0
2020,Impedimento à fiscalização das pesquisas,1,7.097111191860465e-07,9.975858422617267e-07,1,1.8750468761719042e-05,1.8750468761719042e-05,1.8750468761719042e-05,1.8750468761719042e-05,1.8750468761719042e-05,0.0
2020,Exceção - De Litispendência,1,7.097111191860465e-07,2.8101009641175397e-07,1,2.9474180617778827e-05,2.9474180617778827e-05,2.9474180617778827e-05,2.9474180617778827e-05,2.9474180617778827e-05,0.0
2020,Registro de Candidatura,1,7.097111191860465e-07,9.551353808888872e-07,1,4.508566275924256e-05,4.508566275924256e-05,4.508566275924256e-05,4.508566275924256e-05,4.508566275924256e-05,0.0
2020,Falsidade,1,7.097111191860465e-07,1.6220908004255718e-07,1,5.032206119162641e-06,5.032206119162641e-06,5.032206119162641e-06,5.032206119162641e-06,5.032206119162641e-06,0.0
2020,Real,1,7.097111191860465e-07,1.7778757584862455e-06,1,3.675659780930677e-05,3.675659780930677e-05,3.675659780930677e-05,3.675659780930677e-05,3.675659780930677e-05,0.0
2020,Falsificação de documento Público praticada por Funcionário Público,1,7.097111191860465e-07,4.3583847477454073e-07,1,3.493327744008943e-05,3.493327744008943e-05,3.493327744008943e-05,3.493327744008943e-05,3.493327744008943e-05,0.0
2020,Fornecimento de Cédula Eleitoral Rubricada a Destempo,1,7.097111191860465e-07,1.3603443303568999e-06,1,4.433705025604646e-06,4.433705025604646e-06,4.433705025604646e-06,4.433705025604646e-06,4.433705025604646e-06,0.0
2020,Frustração de direitos assegurados por lei trabalhista,1,7.097111191860465e-07,1.7604456039912823e-06,1,4.433705025604646e-06,4.433705025604646e-06,4.433705025604646e-06,4.433705025604646e-06,4.433705025604646e-06,0.0
2020,Homicídio Qualificado,1,7.097111191860465e-07,1.795654516071108e-06,1,1.893222264293828e-05,1.893222264293828e-05,1.893222264293828e-05,1.893222264293828e-05,1.893222264293828e-05,0.0
2020,Abandono Intelectual,1,7.097111191860465e-07,7.60870557657249e-08,1,4.433705025604646e-06,4.433705025604646e-06,4.433705025604646e-06,4.433705025604646e-06,4.433705025604646e-06,0.0
