instrument,family,outcome,coef,se,t,p,first_stage_F,tF_cv,reject_tF_5pct,nobs
full,primary,delta_runnerup_vote_share_2024_2020,0.025220134726381,0.0225598379262405,1.11792180461749,0.274228437850228,26.5878426279572,1.96,FALSE,5009
full,primary,delta_margin_top1_top2_2024_2020,-0.0644405986523644,0.046090124870012,-1.39814328631364,0.174352007470145,25.7609795974811,1.96,FALSE,5009
full,secondary,delta_winner_vote_share_2024_2020,-0.0393082124027635,0.0236015205498885,-1.66549491248559,0.108297869152357,25.4277221047112,1.96,FALSE,5009
full,secondary,delta_winner_majority_2024_2020,0.00319937941116133,0.055026855946859,0.0581421445239587,0.954097650869053,26.3681857572198,1.96,FALSE,5009
full,secondary,delta_others_vote_share_2024_2020,0.0160618438333467,0.00809542309348397,1.98406477930411,0.0583304080392427,26.2928168838939,1.96,TRUE,5009
full,secondary,delta_log1p_n_candidates_with_votes_2024_2020,0.116499656213651,0.0565272544681621,2.06094665855862,0.0498551695307031,26.696566520922,1.96,TRUE,5009
full,composition,delta_female_vote_share_2024_2020,-0.00223535865126568,0.0346061694829478,-0.0645942236504146,0.94901082651768,27.0049811040718,1.96,FALSE,5009
full,composition,delta_female_share_2024_2020,-0.0226215428910086,0.0314745758116014,-0.718724313440005,0.478975119911789,27.056561983709,1.96,FALSE,5009
full,composition,delta_nonwhite_vote_share_2024_2020,-0.0345054968091439,0.0293676638345,-1.17494864431839,0.251085194284767,26.6662801475135,1.96,FALSE,5009
full,composition,delta_new_candidate_vote_share_2024_2020,0.077409193007687,0.0673292493439217,1.14971121410067,0.261143013577564,26.0917050390904,1.96,FALSE,5009
full,composition,delta_incumbent_candidate_vote_share_2024_2020,-0.0332421308224093,0.0487030161744597,-0.682547682536382,0.501168845422155,26.8763788827493,1.96,FALSE,5009
full,composition,delta_winner_is_female_2024_2020,-0.0143575575412783,0.0387792300072248,-0.370238334763309,0.714323211786899,27.1436408038999,1.96,FALSE,5009
full,composition,delta_winner_is_new_vs_2020_2024_2020,0.0629579111330072,0.0771108744786033,0.816459566289535,0.421949426888527,26.3280788240418,1.96,FALSE,5009
full,voter_behavior,delta_turnout_rate_2024_2020,0.00780603949597325,0.00434770492174904,1.79543911936713,0.0846826348265614,26.1491104464508,1.96,FALSE,5009
full,voter_behavior,delta_null_rate_2024_2020,-0.00400398879977926,0.00296844872777257,-1.34884889953404,0.189477625289976,26.766753956014,1.96,FALSE,5009
full,voter_behavior,delta_blank_rate_2024_2020,-0.00315735773450052,0.00327357739685131,-0.964497658597416,0.344034199888173,27.6741745766476,1.96,FALSE,5009
full,voter_behavior,delta_valid_vote_rate_2024_2020,0.0161575590257259,0.0103480915262901,1.56140472711092,0.130999347173574,25.8349211666704,1.96,FALSE,5009
full,entry,delta_share_first_time_candidates_2024_2020,0.00622473638701249,0.0493460775500621,0.126144502178465,0.900626566215882,26.8706692498695,1.96,FALSE,5009
full,entry,delta_share_serial_challenger_2024_2020,-0.00811709459289572,0.02571024113237,-0.31571444822725,0.754839869846169,26.5917015377428,1.96,FALSE,5009
full,entry,delta_share_cross_cycle_returner_2024_2020,0.00960736858383897,0.01755825206269,0.547171127828487,0.589112822496079,26.7319105275206,1.96,FALSE,5009
full,fragmentation,delta_effective_n_candidates_vote_2024_2020,0.113743581883593,0.0618849555662748,1.8379843831637,0.0779772144286255,25.9356564878986,1.96,FALSE,5009
full,fragmentation,delta_effective_party_count_candidates_2024_2020,0.163349831575358,0.149086947487824,1.09566822802311,0.28366731891519,26.3926475125307,1.96,FALSE,5009
full,fragmentation,delta_vote_hhi_candidate_2024_2020,-0.032414256993213,0.0226683870582468,-1.42993221837637,0.165115915085848,25.6357355867054,1.96,FALSE,5009
full,fragmentation,delta_candidate_hhi_party_2024_2020,-0.0281119251214977,0.0270970537471649,-1.0374532000343,0.309455638744347,25.57749196492,1.96,FALSE,5009
full,fragmentation,delta_top2_vote_share_2024_2020,-0.0154563610443308,0.00836011711041968,-1.84882111580311,0.0763443357294175,26.3249993926536,1.96,FALSE,5009
no_fraude,primary,delta_runnerup_vote_share_2024_2020,0.0325742615274773,0.0410324063510379,0.793866712295644,0.434744060476372,3.51769243784671,6.15156129246971,FALSE,4904
no_fraude,primary,delta_margin_top1_top2_2024_2020,-0.110494897263381,0.087769892876097,-1.25891571292407,0.219689689468945,3.5346373434196,6.11953542093696,FALSE,4904
no_fraude,secondary,delta_winner_vote_share_2024_2020,-0.0783417469258492,0.0476916632343829,-1.64267172945584,0.112971367547556,3.69978411442167,5.80740802374304,FALSE,4904
no_fraude,secondary,delta_winner_majority_2024_2020,0.00896710251460942,0.10726693477204,0.0835961476261626,0.934043322364676,3.93759980228567,5.35793637368009,FALSE,4904
no_fraude,secondary,delta_others_vote_share_2024_2020,0.0402496908397217,0.0203941860835367,1.97358652484854,0.0595788378461967,3.9834331487804,5.27131134880504,FALSE,4904
no_fraude,secondary,delta_log1p_n_candidates_with_votes_2024_2020,0.165234329233634,0.119288268596244,1.38516830848559,0.178237532381857,3.98360619949567,5.27098428295318,FALSE,4904
no_fraude,composition,delta_female_vote_share_2024_2020,0.00439843272732463,0.0742285130196469,0.0592552989194387,0.953219891262158,3.99557241860891,5.24836812882916,FALSE,4904
no_fraude,composition,delta_female_share_2024_2020,-0.026509415955616,0.0779682356536092,-0.340002768222046,0.736694619346606,4.03333687706163,5.20899670433268,FALSE,4904
no_fraude,composition,delta_nonwhite_vote_share_2024_2020,-0.0385064809930729,0.0617864354559428,-0.623219007682198,0.538785219294356,3.94068716759241,5.35210125325035,FALSE,4904
no_fraude,composition,delta_new_candidate_vote_share_2024_2020,0.16441481399298,0.139030148755278,1.18258388892602,0.248099544328199,3.81718583311265,5.58551877541709,FALSE,4904
no_fraude,composition,delta_incumbent_candidate_vote_share_2024_2020,-0.0747385889648058,0.107025397475654,-0.698325731346219,0.491418778179736,3.86748904515022,5.49044570466609,FALSE,4904
no_fraude,composition,delta_winner_is_female_2024_2020,-0.0536547758191082,0.0963571563516111,-0.556832287820116,0.582593091329759,4.02335781672392,5.21827723044676,FALSE,4904
no_fraude,composition,delta_winner_is_new_vs_2020_2024_2020,0.166770356772343,0.173212772810635,0.962806345434264,0.344865789486344,3.91395361724492,5.4026276634071,FALSE,4904
no_fraude,voter_behavior,delta_turnout_rate_2024_2020,0.0129134843583738,0.0100505904637278,1.2848483285612,0.210622772642883,3.80840368804242,5.60211702959984,FALSE,4904
no_fraude,voter_behavior,delta_null_rate_2024_2020,-0.0118879871226725,0.00684400103504879,-1.736993764582,0.0946961345677446,3.80241790650858,5.61343015669879,FALSE,4904
no_fraude,voter_behavior,delta_blank_rate_2024_2020,-0.00269651539668814,0.00400627823168172,-0.673072423019462,0.50707597735741,3.82154476418574,5.57728039568896,FALSE,4904
no_fraude,voter_behavior,delta_valid_vote_rate_2024_2020,0.0332385109810742,0.0176187295260672,1.88654414223779,0.070888902509003,3.53481393408552,6.11920166457837,FALSE,4904
no_fraude,entry,delta_share_first_time_candidates_2024_2020,0.0133011958884732,0.0966754186506524,0.137586121416641,0.891669664184419,3.9940114658711,5.25131832950362,FALSE,4904
no_fraude,entry,delta_share_serial_challenger_2024_2020,-0.0362291513066984,0.0542637363063837,-0.667649405896812,0.510474221434901,3.97562912163907,5.28606096010216,FALSE,4904
no_fraude,entry,delta_share_cross_cycle_returner_2024_2020,0.0410385963796868,0.0427948639407028,0.95896078642873,0.346761642889615,3.98236925212106,5.27332211349119,FALSE,4904
no_fraude,fragmentation,delta_effective_n_candidates_vote_2024_2020,0.234825643190627,0.123485797487618,1.90164090096412,0.0688024709631461,3.94622754126588,5.34162994700749,FALSE,4904
no_fraude,fragmentation,delta_effective_party_count_candidates_2024_2020,0.414632816405605,0.30305338895138,1.36818406103397,0.183426603876504,4.02368317984196,5.21797464274698,FALSE,4904
no_fraude,fragmentation,delta_vote_hhi_candidate_2024_2020,-0.0666559391283723,0.0426153051237063,-1.56413145312181,0.130358130250671,3.82491809993241,5.57090479112774,FALSE,4904
no_fraude,fragmentation,delta_candidate_hhi_party_2024_2020,-0.0610223816820192,0.0504399639279415,-1.20980224667083,0.237670693273096,3.88268457739801,5.46172614871776,FALSE,4904
no_fraude,fragmentation,delta_top2_vote_share_2024_2020,-0.0470434001400092,0.0213557030661431,-2.20284951491908,0.0370442974747344,3.98953773181587,5.259773686868,FALSE,4904
no_pesquisa_adv,primary,delta_runnerup_vote_share_2024_2020,0.0209640738596959,0.0404873474543586,0.517793216345643,0.609154609987795,8.98053856688495,3.02369767229186,FALSE,4860
no_pesquisa_adv,primary,delta_margin_top1_top2_2024_2020,-0.0335240894965958,0.090201122394526,-0.371659338671713,0.7132780021712,8.71040671835328,3.07502272351288,FALSE,4860
no_pesquisa_adv,secondary,delta_winner_vote_share_2024_2020,-0.0114436016701673,0.0513151751872751,-0.223006189268649,0.825342759806967,8.45858464897509,3.12286891669473,FALSE,4860
no_pesquisa_adv,secondary,delta_winner_majority_2024_2020,0.131537520804969,0.126681845928998,1.03832968205004,0.309055542100442,8.36619745758286,3.14042248305926,FALSE,4860
no_pesquisa_adv,secondary,delta_others_vote_share_2024_2020,-0.00331609554276574,0.0193471384918395,-0.171399793523184,0.865289222855343,8.42244479948895,3.1297354880971,FALSE,4860
no_pesquisa_adv,secondary,delta_log1p_n_candidates_with_votes_2024_2020,0.0978148873708766,0.132489209270861,0.73828569065503,0.467215449398029,8.58615821983991,3.09862993823042,FALSE,4860
no_pesquisa_adv,composition,delta_female_vote_share_2024_2020,-0.0438704346080111,0.0673548837033929,-0.65133264576925,0.520774595392121,8.6799513554474,3.08080924246499,FALSE,4860
no_pesquisa_adv,composition,delta_female_share_2024_2020,-0.0820593018899402,0.0588084220169805,-1.39536649812243,0.175177862194595,8.6746138778049,3.08182336321707,FALSE,4860
no_pesquisa_adv,composition,delta_nonwhite_vote_share_2024_2020,-0.101774276179787,0.0667746636954226,-1.52414509557108,0.140023875959941,8.75856860144416,3.06587196572561,FALSE,4860
no_pesquisa_adv,composition,delta_new_candidate_vote_share_2024_2020,-0.110575437674951,0.120760609109713,-0.915658164447414,0.36859456649977,8.57987118895993,3.09982447409761,FALSE,4860
no_pesquisa_adv,composition,delta_incumbent_candidate_vote_share_2024_2020,0.105491554290245,0.0921824236123193,1.14437818139712,0.263305713735231,8.91049065925796,3.03700677474099,FALSE,4860
no_pesquisa_adv,composition,delta_winner_is_female_2024_2020,-0.0611078800852887,0.0907387762843756,-0.673448360090028,0.506840870757628,8.74963906583797,3.06756857749079,FALSE,4860
no_pesquisa_adv,composition,delta_winner_is_new_vs_2020_2024_2020,-0.137863247129612,0.133792666439287,-1.0304245426798,0.312677209278397,8.98150401082324,3.02351423794358,FALSE,4860
no_pesquisa_adv,voter_behavior,delta_turnout_rate_2024_2020,0.00337938178357783,0.00785082605255559,0.430449198715564,0.670557143862067,8.47358515193938,3.12001882113152,FALSE,4860
no_pesquisa_adv,voter_behavior,delta_null_rate_2024_2020,-0.00018659365144591,0.00631964831332144,-0.0295259549574272,0.976679567296564,8.68417745238869,3.08000628404615,FALSE,4860
no_pesquisa_adv,voter_behavior,delta_blank_rate_2024_2020,-0.000836569708829671,0.00658552903590035,-0.127031511708353,0.899931687779297,8.79200186073839,3.05951964645971,FALSE,4860
no_pesquisa_adv,voter_behavior,delta_valid_vote_rate_2024_2020,0.00327023956796002,0.01887165593059,0.173288426833764,0.863820154419069,8.47727467828912,3.11931781112507,FALSE,4860
no_pesquisa_adv,entry,delta_share_first_time_candidates_2024_2020,-0.106166211982074,0.082101966650509,-1.29310193547496,0.207798070518968,8.69623448738676,3.07771544739652,FALSE,4860
no_pesquisa_adv,entry,delta_share_serial_challenger_2024_2020,0.00996281250250164,0.0445670948371961,0.223546375165262,0.824926950296625,8.59942035452274,3.09611013264068,FALSE,4860
no_pesquisa_adv,entry,delta_share_cross_cycle_returner_2024_2020,-0.0188067819374499,0.0354179361611585,-0.530995986097987,0.600107740098669,8.55922449123427,3.10374734666549,FALSE,4860
no_pesquisa_adv,fragmentation,delta_effective_n_candidates_vote_2024_2020,0.00171174215807568,0.16850256764809,0.0101585523708492,0.991975419684197,8.38535688399488,3.13678219204097,FALSE,4860
no_pesquisa_adv,fragmentation,delta_effective_party_count_candidates_2024_2020,-0.0950006969324759,0.328247578920135,-0.289417814580714,0.774648314132335,8.36699452889136,3.14027103951064,FALSE,4860
no_pesquisa_adv,fragmentation,delta_vote_hhi_candidate_2024_2020,-0.000123830055392293,0.050653592474654,-0.0024446450753568,0.998068860540989,8.46013154844272,3.12257500579588,FALSE,4860
no_pesquisa_adv,fragmentation,delta_candidate_hhi_party_2024_2020,-0.000312424862632499,0.0576564790042631,-0.00541872948241252,0.995719509548289,8.26856037454317,3.1589735288368,FALSE,4860
no_pesquisa_adv,fragmentation,delta_top2_vote_share_2024_2020,0.00979895037053014,0.0190448930791636,0.51451852892001,0.611408436840214,8.44388173425141,3.12566247049223,FALSE,4860
no_abuso,primary,delta_runnerup_vote_share_2024_2020,0.0433012750118598,0.0363935165474414,1.18980739207803,0.245299234983824,12.9492012258896,2.53457188966994,FALSE,4697
no_abuso,primary,delta_margin_top1_top2_2024_2020,-0.119020743344867,0.0751009670809476,-1.58480972976794,0.125579091109611,12.0710845134941,2.61360239378553,FALSE,4697
no_abuso,secondary,delta_winner_vote_share_2024_2020,-0.0750661068586536,0.0388056599130027,-1.93441129533532,0.0644568856104298,11.5288458321128,2.67182695846759,FALSE,4697
no_abuso,secondary,delta_winner_majority_2024_2020,-0.0525781149731701,0.0851883781966381,-0.617198215134527,0.542685037701868,12.0357432225202,2.61678310997318,FALSE,4697
no_abuso,secondary,delta_others_vote_share_2024_2020,0.0357274992544666,0.0137233085234002,2.60341733143622,0.0153054832004212,11.9780168779374,2.62241814342689,FALSE,4697
no_abuso,secondary,delta_log1p_n_candidates_with_votes_2024_2020,0.239953464657992,0.0896674124210311,2.67603868762596,0.0129561280376288,12.5409339683694,2.57131594284675,TRUE,4697
no_abuso,composition,delta_female_vote_share_2024_2020,0.00775776239717846,0.0534319250503821,0.145189648133836,0.885725379984025,12.626115933791,2.56364956595881,FALSE,4697
no_abuso,composition,delta_female_share_2024_2020,-0.0190948748465153,0.04950764587682,-0.385695472049413,0.70298477675245,12.6330882723639,2.56302205548725,FALSE,4697
no_abuso,composition,delta_nonwhite_vote_share_2024_2020,-0.0486564472472766,0.0477098677333632,-1.01984032987062,0.317572544687654,12.5327834087779,2.57204949320999,FALSE,4697
no_abuso,composition,delta_new_candidate_vote_share_2024_2020,0.188752125329864,0.119222718332417,1.58318924421421,0.125948306687208,11.7014652422762,2.65283882334962,FALSE,4697
no_abuso,composition,delta_incumbent_candidate_vote_share_2024_2020,-0.105735953082414,0.0849582361778028,-1.24456389208843,0.224833753895384,11.7760211065583,2.64463767827859,FALSE,4697
no_abuso,composition,delta_winner_is_female_2024_2020,-0.0216172964058542,0.0582353011670984,-0.371206054963574,0.713611349965764,12.7947780924829,2.54846997167654,FALSE,4697
no_abuso,composition,delta_winner_is_new_vs_2020_2024_2020,0.177595623570623,0.136486273842683,1.30119768508973,0.205055795894899,11.5184802389281,2.6729671737179,FALSE,4697
no_abuso,voter_behavior,delta_turnout_rate_2024_2020,0.0126640934757555,0.00765500936193125,1.65435375412271,0.110558582590228,12.16973911031,2.6047234800721,FALSE,4697
no_abuso,voter_behavior,delta_null_rate_2024_2020,-0.00600273275178059,0.00467318573750495,-1.28450549345927,0.210740738482732,12.3708119818863,2.58662692163024,FALSE,4697
no_abuso,voter_behavior,delta_blank_rate_2024_2020,-0.00598892771282922,0.00614891896733574,-0.97398058823731,0.339396778431093,12.9812764673893,2.53168511793496,FALSE,4697
no_abuso,voter_behavior,delta_valid_vote_rate_2024_2020,0.0250838868551427,0.0181382600773557,1.38292684900125,0.178915640734735,11.9695786697053,2.62334634633242,FALSE,4697
no_abuso,entry,delta_share_first_time_candidates_2024_2020,0.0597411761208635,0.0806024709006822,0.741182937114623,0.465488262853548,12.4564328142578,2.5789210467168,FALSE,4697
no_abuso,entry,delta_share_serial_challenger_2024_2020,-0.0022437742637591,0.0410076429935168,-0.0547160017003132,0.956799645330729,12.4981395459165,2.57516744086751,FALSE,4697
no_abuso,entry,delta_share_cross_cycle_returner_2024_2020,-0.000712602904058612,0.0288721035937613,-0.0246813642014152,0.980505074560521,12.5855375006609,2.56730162494052,FALSE,4697
no_abuso,fragmentation,delta_effective_n_candidates_vote_2024_2020,0.241622252418081,0.0949618586152468,2.54441368294035,0.0175010412834339,11.7429862329955,2.64827151437049,FALSE,4697
no_abuso,fragmentation,delta_effective_party_count_candidates_2024_2020,0.365436448298992,0.228709278849057,1.597820823615,0.122646931825378,12.184893314085,2.60335960173235,FALSE,4697
no_abuso,fragmentation,delta_vote_hhi_candidate_2024_2020,-0.0637254139482617,0.0365162075110274,-1.7451268434439,0.0932449744824104,11.6310761585825,2.66058162255593,FALSE,4697
no_abuso,fragmentation,delta_candidate_hhi_party_2024_2020,-0.0583683610448067,0.0430654749176823,-1.35534000626663,0.187429028962128,11.6925973371295,2.65381429291575,FALSE,4697
no_abuso,fragmentation,delta_top2_vote_share_2024_2020,-0.0329338205262218,0.0144270000745011,-2.28279062564298,0.0312139682494292,12.0088345581435,2.61920488976709,FALSE,4697
