variant,spec,family,outcome,coef,se,t,p,ivf,nobs,n_clusters,first_stage_F_lookup,tF_cv,ci95_low_tF,ci95_high_tF,reject_tF_5pct
adversarial,baseline_state_fe,candidate_pool,delta_log1p_total_candidates_2024_2020,-0.0752277389302998,0.0409570199898363,-1.83674835105112,0.066382752287777,235.756752242455,5560,2187,19.3844859279573,2.18846542216128,-0.164860760972825,0.0144052831122254,FALSE
adversarial,baseline_state_fe,candidate_pool,delta_female_share_2024_2020,-0.00560802430722456,0.0062563773868244,-0.89636925020456,0.370154282792334,235.756752242455,5560,2187,19.3844859279573,2.18846542216128,-0.0192998898862815,0.00808384127183239,FALSE
adversarial,baseline_state_fe,candidate_pool,delta_nonwhite_share_2024_2020,-0.0176597199717423,0.0187460389137308,-0.942050747521236,0.346270752710282,235.756752242455,5560,2187,19.3844859279573,2.18846542216128,-0.0586847779369321,0.0233653379934474,FALSE
adversarial,baseline_state_fe,candidate_pool,delta_new_candidate_share_2024_2020,-0.0195185933462551,0.015791948626842,-1.23598384261957,0.21659736439739,235.756752242455,5560,2187,19.3844859279573,2.18846542216128,-0.0540787268646461,0.015041540172136,FALSE
adversarial,baseline_state_fe,candidate_pool,delta_incumbent_candidate_share_2024_2020,-0.00845017513722146,0.0103540639214724,-0.816121592575585,0.414519515407383,235.756752242455,5560,2187,19.3844859279573,2.18846542216128,-0.0311096860082114,0.0142093357337685,FALSE
adversarial,baseline_state_fe,candidate_pool,delta_effective_party_count_candidates_2024_2020,-0.263732421068868,0.301083079271187,-0.875945674885711,0.381155807259294,235.756752242455,5560,2187,19.3844859279573,2.18846542216128,-0.922642329251704,0.395177487113968,FALSE
adversarial,baseline_state_fe,candidate_pool,delta_candidate_hhi_party_2024_2020,0.0109195789613818,0.0115381125361375,0.946392135384496,0.344053213289121,235.756752242455,5560,2187,19.3844859279573,2.18846542216128,-0.0143311813609607,0.0361703392837244,FALSE
adversarial,baseline_state_fe,elected_comp,delta_elected_female_share_2024_2020,0.0130807389616758,0.0221093378936807,0.591638656235589,0.55415375959286,235.756752242455,5560,2187,19.3844859279573,2.18846542216128,-0.0353047825255245,0.0614662604488762,FALSE
adversarial,baseline_state_fe,elected_comp,delta_elected_nonwhite_share_2024_2020,-0.0274277828170223,0.0258275726279883,-1.06195743642203,0.288372313896713,235.756752242455,5560,2187,19.3844859279573,2.18846542216128,-0.0839505324517339,0.0290949668176892,FALSE
adversarial,baseline_state_fe,elected_comp,delta_elected_higher_ed_share_2024_2020,0.00645661678296651,0.0258050933176159,0.250207069724444,0.802450729770135,235.756752242455,5560,2187,19.3844859279573,2.18846542216128,-0.050016937658281,0.062930171224214,FALSE
adversarial,baseline_state_fe,elected_comp,delta_elected_mean_age_2024_2020,0.0392276393280961,0.576098527637449,0.0680918930464321,0.945718711131275,235.756752242455,5560,2187,19.3844859279573,2.18846542216128,-1.22154406816448,1.29999934682068,FALSE
adversarial,baseline_state_fe,elected_comp,delta_incumbent_reelected_share_2024_2020,0.00640251642143388,0.0249450062969157,0.256665255772074,0.797461348172418,235.756752242455,5560,2187,19.3844859279573,2.18846542216128,-0.0481887673149616,0.0609938001578294,FALSE
adversarial,baseline_state_fe,party_comp,delta_party_count_2024_2020,-0.259870236663563,0.354214974140884,-0.733651188219397,0.463240028135029,235.756752242455,5560,2187,19.3844859279573,2.18846542216128,-1.03505745958264,0.515316986255514,FALSE
adversarial,baseline_state_fe,party_comp,delta_coalition_count_2024_2020,0.0738862888625471,0.0664549761041608,1.111824775119,0.26633575834279,235.756752242455,5560,2187,19.3844859279573,2.18846542216128,-0.0715481284719628,0.219320706197057,FALSE
adversarial,baseline_state_fe_sz,candidate_pool,delta_log1p_total_candidates_2024_2020,-0.0803906741421179,0.0428316209896961,-1.87690010988511,0.0606738498235539,230.482953895958,5371,2049,18.0561739072633,2.23775304370947,-0.176237264378821,0.0154559160945849,FALSE
adversarial,baseline_state_fe_sz,candidate_pool,delta_female_share_2024_2020,-0.00654189809211514,0.0065846080427451,-0.993513668489802,0.32057705945186,230.482953895958,5371,2049,18.0561739072633,2.23775304370947,-0.0212766247814018,0.00819282859717156,FALSE
adversarial,baseline_state_fe_sz,candidate_pool,delta_nonwhite_share_2024_2020,-0.0179142328253365,0.0196403017473044,-0.912115967250617,0.361815025401255,230.482953895958,5371,2049,18.0561739072633,2.23775304370947,-0.0618643778397393,0.0260359121890663,FALSE
adversarial,baseline_state_fe_sz,candidate_pool,delta_new_candidate_share_2024_2020,-0.0216593778776511,0.0166083764634182,-1.30412373089918,0.192337948656229,230.482953895958,5371,2049,18.0561739072633,2.23775304370947,-0.0588248228597379,0.0155060671044357,FALSE
adversarial,baseline_state_fe_sz,candidate_pool,delta_incumbent_candidate_share_2024_2020,-0.00476578881318013,0.0106019551910544,-0.449519803403935,0.653104293963768,230.482953895958,5371,2049,18.0561739072633,2.23775304370947,-0.0284903463112336,0.0189587686848734,FALSE
adversarial,baseline_state_fe_sz,candidate_pool,delta_effective_party_count_candidates_2024_2020,-0.379697312920547,0.302126625428067,-1.25674892897166,0.208987881392062,230.482953895958,5371,2049,18.0561739072633,2.23775304370947,-1.05578208855787,0.296387462716781,FALSE
adversarial,baseline_state_fe_sz,candidate_pool,delta_candidate_hhi_party_2024_2020,0.00980107510071135,0.0120881724455197,0.81079874934643,0.417575461868299,230.482953895958,5371,2049,18.0561739072633,2.23775304370947,-0.0172492695821353,0.036851419783558,FALSE
adversarial,baseline_state_fe_sz,elected_comp,delta_elected_female_share_2024_2020,0.0132091520783922,0.023166681397572,0.570178863847828,0.568618933397774,230.482953895958,5371,2049,18.0561739072633,2.23775304370947,-0.0386321597316721,0.0650504638884565,FALSE
adversarial,baseline_state_fe_sz,elected_comp,delta_elected_nonwhite_share_2024_2020,-0.0276496875937503,0.0270924482757758,-1.02056806798346,0.307579663951469,230.482953895958,5371,2049,18.0561739072633,2.23775304370947,-0.0882758961844089,0.0329765209969084,FALSE
adversarial,baseline_state_fe_sz,elected_comp,delta_elected_higher_ed_share_2024_2020,0.00389352069427822,0.0267032377670882,0.145807063856391,0.884088048347881,230.482953895958,5371,2049,18.0561739072633,2.23775304370947,-0.0558617308959212,0.0636487722844776,FALSE
adversarial,baseline_state_fe_sz,elected_comp,delta_elected_mean_age_2024_2020,-0.101242640176448,0.621876513517328,-0.162801839233035,0.870690521656903,230.482953895958,5371,2049,18.0561739072633,2.23775304370947,-1.49284870111128,1.29036342075838,FALSE
adversarial,baseline_state_fe_sz,elected_comp,delta_incumbent_reelected_share_2024_2020,0.00564437189724906,0.0252383843007516,0.223642362759369,0.823057903209941,230.482953895958,5371,2049,18.0561739072633,2.23775304370947,-0.0508328993900671,0.0621216431845652,FALSE
adversarial,baseline_state_fe_sz,party_comp,delta_party_count_2024_2020,-0.376370656025529,0.353622608463717,-1.06432860065322,0.287305334975816,230.482953895958,5371,2049,18.0561739072633,2.23775304370947,-1.16769072443969,0.414949412388635,FALSE
adversarial,baseline_state_fe_sz,party_comp,delta_coalition_count_2024_2020,0.0645371891027667,0.0700842868790357,0.920851049168223,0.357236653487281,230.482953895958,5371,2049,18.0561739072633,2.23775304370947,-0.0922941371770031,0.221368515382537,FALSE
adversarial,robustness_full_controls,candidate_pool,delta_log1p_total_candidates_2024_2020,-0.0734309278742557,0.0411206695780047,-1.78574251411348,0.0742795396279743,230.927966484585,5560,2187,19.3586868857799,2.1892393934266,-0.163453917598502,0.0165920618499911,FALSE
adversarial,robustness_full_controls,candidate_pool,delta_female_share_2024_2020,0.000377786451055042,0.00488486789897514,0.0773381100304273,0.938361651917583,230.927966484585,5560,2187,19.3586868857799,2.1892393934266,-0.0103163587850664,0.0110719316871765,FALSE
adversarial,robustness_full_controls,candidate_pool,delta_nonwhite_share_2024_2020,0.0155354423171594,0.0191918030942129,0.809483207017894,0.418325357978169,230.927966484585,5560,2187,19.3586868857799,2.1892393934266,-0.0264800090475781,0.057550893681897,FALSE
adversarial,robustness_full_controls,candidate_pool,delta_new_candidate_share_2024_2020,-0.0187825787749291,0.0159056579992641,-1.18087404971225,0.237781226532629,230.927966484585,5560,2187,19.3586868857799,2.1892393934266,-0.0536038718452892,0.0160387142954309,FALSE
adversarial,robustness_full_controls,candidate_pool,delta_incumbent_candidate_share_2024_2020,-0.00789287311488473,0.0105019016359464,-0.751566086647456,0.452392949072598,230.927966484585,5560,2187,19.3586868857799,2.1892393934266,-0.0308840498821898,0.0150983036524204,FALSE
adversarial,robustness_full_controls,candidate_pool,delta_effective_party_count_candidates_2024_2020,-0.244109862146042,0.303148413798142,-0.805248686897591,0.420763761808774,230.927966484585,5560,2187,19.3586868857799,2.1892393934266,-0.907774311687723,0.419554587395641,FALSE
adversarial,robustness_full_controls,candidate_pool,delta_candidate_hhi_party_2024_2020,0.00872788867939779,0.0112958859082137,0.772660838673255,0.439806659542668,230.927966484585,5560,2187,19.3586868857799,2.1892393934266,-0.0160015097345161,0.0334572870933116,FALSE
adversarial,robustness_full_controls,elected_comp,delta_elected_female_share_2024_2020,0.0175148060574483,0.0224657124884253,0.779623885352944,0.435696689067306,230.927966484585,5560,2187,19.3586868857799,2.1892393934266,-0.0316680167236084,0.0666976288385049,FALSE
adversarial,robustness_full_controls,elected_comp,delta_elected_nonwhite_share_2024_2020,0.00280732794843928,0.0252163606796161,0.111329623814773,0.911365185549693,230.927966484585,5560,2187,19.3586868857799,2.1892393934266,-0.0523973222102299,0.0580119781071085,FALSE
adversarial,robustness_full_controls,elected_comp,delta_elected_higher_ed_share_2024_2020,0.00845598321188611,0.0260514947100399,0.324587257122996,0.745524529778693,230.927966484585,5560,2187,19.3586868857799,2.1892393934266,-0.0485769752649781,0.0654889416887503,FALSE
adversarial,robustness_full_controls,elected_comp,delta_elected_mean_age_2024_2020,-0.00762343423484431,0.585128279966126,-0.0130286545632107,0.98960612065289,230.927966484585,5560,2187,19.3586868857799,2.1892393934266,-1.28860931494464,1.27336244647495,FALSE
adversarial,robustness_full_controls,elected_comp,delta_incumbent_reelected_share_2024_2020,0.00517289749144807,0.025277467134839,0.204644613475472,0.837868847919282,230.927966484585,5560,2187,19.3586868857799,2.1892393934266,-0.0501655293261877,0.0605113243090838,FALSE
adversarial,robustness_full_controls,party_comp,delta_party_count_2024_2020,-0.227926763361926,0.355718368118046,-0.640750615628283,0.521751884945148,230.927966484585,5560,2187,19.3586868857799,2.1892393934266,-1.00667942781138,0.550825901087527,FALSE
adversarial,robustness_full_controls,party_comp,delta_coalition_count_2024_2020,0.0692836272367045,0.0671216193086912,1.03221030645984,0.30208779119276,230.927966484585,5560,2187,19.3586868857799,2.1892393934266,-0.0776616659044659,0.216228920377875,FALSE
adversarial,subsample_le200k,candidate_pool,delta_log1p_total_candidates_2024_2020,-0.0786553747820586,0.0415313896719985,-1.89387774893288,0.0583760482953068,237.582684647095,5509,2140,19.2277946054593,2.19316616183622,-0.16974061326472,0.0124298637006026,FALSE
adversarial,subsample_le200k,candidate_pool,delta_female_share_2024_2020,-0.00565091373318756,0.00632029298683666,-0.894090470957087,0.371374074858809,237.582684647095,5509,2140,19.2277946054593,2.19316616183622,-0.0195123664448085,0.00821053897843338,FALSE
adversarial,subsample_le200k,candidate_pool,delta_nonwhite_share_2024_2020,-0.0176567115340528,0.0189076031079522,-0.933841874786694,0.350490867403771,237.582684647095,5509,2140,19.2277946054593,2.19316616183622,-0.0591242268718429,0.0238108038037373,FALSE
adversarial,subsample_le200k,candidate_pool,delta_new_candidate_share_2024_2020,-0.019983998512486,0.0158733339795696,-1.25896667569694,0.208179744998608,237.582684647095,5509,2140,19.2277946054593,2.19316616183622,-0.0547968574720032,0.0148288604470312,FALSE
adversarial,subsample_le200k,candidate_pool,delta_incumbent_candidate_share_2024_2020,-0.00710871456931139,0.0103526202207857,-0.68665849009304,0.492372390676478,237.582684647095,5509,2140,19.2277946054593,2.19316616183622,-0.02981373092388,0.0155963017852573,FALSE
adversarial,subsample_le200k,candidate_pool,delta_effective_party_count_candidates_2024_2020,-0.338071370354532,0.302748829686369,-1.11667275709953,0.264259689055734,237.582684647095,5509,2140,19.2277946054593,2.19316616183622,-1.00204985915819,0.325907118449129,FALSE
adversarial,subsample_le200k,candidate_pool,delta_candidate_hhi_party_2024_2020,0.0113986933183162,0.0116886205461055,0.975195770395173,0.329573430822932,237.582684647095,5509,2140,19.2277946054593,2.19316616183622,-0.014236393741946,0.0370337803785784,FALSE
adversarial,subsample_le200k,elected_comp,delta_elected_female_share_2024_2020,0.0158957792462874,0.0224436739535391,0.708252101647592,0.478865887004417,237.582684647095,5509,2140,19.2277946054593,2.19316616183622,-0.0333269270158996,0.0651184855084744,FALSE
adversarial,subsample_le200k,elected_comp,delta_elected_nonwhite_share_2024_2020,-0.0267696892665836,0.0259182411978607,-1.03285130585146,0.301790251368521,237.582684647095,5509,2140,19.2277946054593,2.19316616183622,-0.0836126988360412,0.0300733203028741,FALSE
adversarial,subsample_le200k,elected_comp,delta_elected_higher_ed_share_2024_2020,0.00600813687692718,0.0260053768020937,0.231034409639604,0.81731016599156,237.582684647095,5509,2140,19.2277946054593,2.19316616183622,-0.0510259755512254,0.0630422493050798,FALSE
adversarial,subsample_le200k,elected_comp,delta_elected_mean_age_2024_2020,-0.0137416956048337,0.582675588369172,-0.0235837846635979,0.981186806292894,237.582684647095,5509,2140,19.2277946054593,2.19316616183622,-1.29164607934411,1.26416268813444,FALSE
adversarial,subsample_le200k,elected_comp,delta_incumbent_reelected_share_2024_2020,0.00357116246518976,0.0250064247381881,0.14280979798508,0.88645384931074,237.582684647095,5509,2140,19.2277946054593,2.19316616183622,-0.0512720820991087,0.0584144070294882,FALSE
adversarial,subsample_le200k,party_comp,delta_party_count_2024_2020,-0.291310853627053,0.351132959414271,-0.829631186183695,0.406839914540329,237.582684647095,5509,2140,19.2277946054593,2.19316616183622,-1.06140377851984,0.478782071265737,FALSE
adversarial,subsample_le200k,party_comp,delta_coalition_count_2024_2020,0.0701714566143621,0.0668976094435455,1.04893817877871,0.29432507321023,237.582684647095,5509,2140,19.2277946054593,2.19316616183622,-0.076546116724957,0.216889029953681,FALSE
adversarial,robustness_broader_lawsuits,candidate_pool,delta_log1p_total_candidates_2024_2020,-0.0752277389302998,0.0409570199898363,-1.83674835105112,0.066382752287777,235.756752242455,5560,2187,19.3844859279573,2.18846542216128,-0.164860760972825,0.0144052831122254,FALSE
adversarial,robustness_broader_lawsuits,candidate_pool,delta_female_share_2024_2020,-0.00560802430722456,0.0062563773868244,-0.89636925020456,0.370154282792334,235.756752242455,5560,2187,19.3844859279573,2.18846542216128,-0.0192998898862815,0.00808384127183239,FALSE
adversarial,robustness_broader_lawsuits,candidate_pool,delta_nonwhite_share_2024_2020,-0.0176597199717423,0.0187460389137308,-0.942050747521236,0.346270752710282,235.756752242455,5560,2187,19.3844859279573,2.18846542216128,-0.0586847779369321,0.0233653379934474,FALSE
adversarial,robustness_broader_lawsuits,candidate_pool,delta_new_candidate_share_2024_2020,-0.0195185933462551,0.015791948626842,-1.23598384261957,0.21659736439739,235.756752242455,5560,2187,19.3844859279573,2.18846542216128,-0.0540787268646461,0.015041540172136,FALSE
adversarial,robustness_broader_lawsuits,candidate_pool,delta_incumbent_candidate_share_2024_2020,-0.00845017513722146,0.0103540639214724,-0.816121592575585,0.414519515407383,235.756752242455,5560,2187,19.3844859279573,2.18846542216128,-0.0311096860082114,0.0142093357337685,FALSE
adversarial,robustness_broader_lawsuits,candidate_pool,delta_effective_party_count_candidates_2024_2020,-0.263732421068868,0.301083079271187,-0.875945674885711,0.381155807259294,235.756752242455,5560,2187,19.3844859279573,2.18846542216128,-0.922642329251704,0.395177487113968,FALSE
adversarial,robustness_broader_lawsuits,candidate_pool,delta_candidate_hhi_party_2024_2020,0.0109195789613818,0.0115381125361375,0.946392135384496,0.344053213289121,235.756752242455,5560,2187,19.3844859279573,2.18846542216128,-0.0143311813609607,0.0361703392837244,FALSE
adversarial,robustness_broader_lawsuits,elected_comp,delta_elected_female_share_2024_2020,0.0130807389616758,0.0221093378936807,0.591638656235589,0.55415375959286,235.756752242455,5560,2187,19.3844859279573,2.18846542216128,-0.0353047825255245,0.0614662604488762,FALSE
adversarial,robustness_broader_lawsuits,elected_comp,delta_elected_nonwhite_share_2024_2020,-0.0274277828170223,0.0258275726279883,-1.06195743642203,0.288372313896713,235.756752242455,5560,2187,19.3844859279573,2.18846542216128,-0.0839505324517339,0.0290949668176892,FALSE
adversarial,robustness_broader_lawsuits,elected_comp,delta_elected_higher_ed_share_2024_2020,0.00645661678296651,0.0258050933176159,0.250207069724444,0.802450729770135,235.756752242455,5560,2187,19.3844859279573,2.18846542216128,-0.050016937658281,0.062930171224214,FALSE
adversarial,robustness_broader_lawsuits,elected_comp,delta_elected_mean_age_2024_2020,0.0392276393280961,0.576098527637449,0.0680918930464321,0.945718711131275,235.756752242455,5560,2187,19.3844859279573,2.18846542216128,-1.22154406816448,1.29999934682068,FALSE
adversarial,robustness_broader_lawsuits,elected_comp,delta_incumbent_reelected_share_2024_2020,0.00640251642143388,0.0249450062969157,0.256665255772074,0.797461348172418,235.756752242455,5560,2187,19.3844859279573,2.18846542216128,-0.0481887673149616,0.0609938001578294,FALSE
adversarial,robustness_broader_lawsuits,party_comp,delta_party_count_2024_2020,-0.259870236663563,0.354214974140884,-0.733651188219397,0.463240028135029,235.756752242455,5560,2187,19.3844859279573,2.18846542216128,-1.03505745958264,0.515316986255514,FALSE
adversarial,robustness_broader_lawsuits,party_comp,delta_coalition_count_2024_2020,0.0738862888625471,0.0664549761041608,1.111824775119,0.26633575834279,235.756752242455,5560,2187,19.3844859279573,2.18846542216128,-0.0715481284719628,0.219320706197057,FALSE
